id,title,date,year,author,description,collection,sport,team,image
102,"All Americans, 1901",1901,1901,,"Caption on back: A team that played in California in the winter of 1901. Bradley, Lajoie, Waddell, Bernhard, Win Mercer, Wm Sullivan, Joe Cantillion, mgr, Fraser, Pickering, H. Davis, Barrett, Chas. Irwin. Conservation treatment, NEDCC, 2008.",Charles W. Mears Collection,Baseball,,https://cdm16014.contentdm.oclc.org/iiif/2/p4014coll27:102/full/full/0/default.jpg
103,"Athletics, 1901",1901,1901,,"Caption on back: Fultz, Geier, Bernhard, Powers (?), Carr, Ketcham, Fraser, McIntyre, L. Cross, Mack, Mgr, Lajoie, Seybold. Conservation treatment, NEDCC, 2008.",Charles W. Mears Collection,Baseball,,https://cdm16014.contentdm.oclc.org/iiif/2/p4014coll27:103/full/full/0/default.jpg
104,W.J. Bradley in Brooklyn Uniform,ca. 1914,1914,,"William Joseph Bradley (1887-1954) was born in Cleveland. Known as Bill Bradley, he played third base for the Cleveland Indians from 1901-1910. Conservation treatment, NEDCC, 2008.",Charles W. Mears Collection,Baseball,,https://cdm16014.contentdm.oclc.org/iiif/2/p4014coll27:104/full/full/0/default.jpg
105,"Chicago Baseball Team, 1886",1886,1886,Strauss (?),"Caption: Really great team. Won National Leauge pennant 1884, 1885, and 1886. Top row L to R: Gore, cf, Flint, c; Anson, 1b, McCormick, P., Kelly, c & rf, Pfeffer, 2b. Lower row: Williamson, ss; Dalrymple, lf; Burns,3b, Clarkson, P, Sunday, rf. This is Billy Sunday the evangelist. Return photo to Chas. W. Mears 10600 Pasadena ave Cleveland. Conservation treatment, NEDCC, 2008.",Charles W. Mears Collection,Baseball,,https://cdm16014.contentdm.oclc.org/iiif/2/p4014coll27:105/full/full/0/default.jpg
106,"Cincinnati Red Stockings, 1869",1869,1869,"Brady, Mathew B., approximately 1823-1896","Player names inscribed below photo in ink on cardboard mount: C.A. McVey, R.F., D. Allison, C., Harry Wright, Capt & C.F., G. Wright, S.S., F. Waterman, S. B., A. J. Leonard, L.F, D. Allison, C., A. Brainard, P., C. Sweasy, 2nd B. The photo was taken in Brady's Washington D. C. studio. Conservation treatment, NEDCC, 2008.",Charles W. Mears Collection,Baseball,,https://cdm16014.contentdm.oclc.org/iiif/2/p4014coll27:106/full/full/0/default.jpg
107,Cleveland Baseball Club of 1892 (Cleveland Spiders),"1892, date of copy photograph unknown",1892,,"Photographic copy of an 1892 original. Conservation treatment, NEDCC, 2008.",Charles W. Mears Collection,Baseball,,https://cdm16014.contentdm.oclc.org/iiif/2/p4014coll27:107/full/full/0/default.jpg
108,Ty Cobb in Detroit Tigers Uniform,prior to 1926,1926,"Van Oeyen, Louis","Tyrus Raymond Cobb, played for the Detroit Tigers from 1905-1926. Conservation treatment, NEDCC, 2008.",Charles W. Mears Collection,Baseball,,https://cdm16014.contentdm.oclc.org/iiif/2/p4014coll27:108/full/full/0/default.jpg
109,"W. Arthur Cummings, 1907",1907,1907,,"William Arthur Cummings (1848-1924) played for the Cincinnati Reds in 1877. He was known by the nickname Candy Cummings and  was one of the first pitchers to throw a curve ball. Conservation treatment, NEDCC, 2008.",Charles W. Mears Collection,Baseball,,https://cdm16014.contentdm.oclc.org/iiif/2/p4014coll27:109/full/full/0/default.jpg
110,"Clark Griffith, in Cincinnati Reds Uniform, 1910",1910,1910,"Van Oeyen, Louis","Clark Calvin Griffith (1869–1955) managed the Cincinnati Reds in 1910.  Inscribed ""Clarke"" on front of photo, possibly by Mears or Van Oeyen. Conservation treatment, NEDCC, 2008.",Charles W. Mears Collection,Baseball,,https://cdm16014.contentdm.oclc.org/iiif/2/p4014coll27:110/full/full/0/default.jpg
111,"Hugh Jennings, Portrait in Formal Dress",1953,1953,,"This is a studio portrait of Hugh A. Jennings (1869-1928) in formal dress with bow tie and boutonierre. Conservation treatment, NEDCC, 2008.",Charles W. Mears Collection,Baseball,,https://cdm16014.contentdm.oclc.org/iiif/2/p4014coll27:111/full/full/0/default.jpg
112,Rube Marquard in N.Y. Giants Uniform,ca. 1910,1910,"Van Oeyen, Louis","Richard William  Marquard (1886-1980) was born in Cleveland. He played for the New York Giants from 1980-1915. Stamped on back of photo: Photograph by L. Van Oeyen, 504 Superior building, Cleveland, Ohio. Ink inscription: ""Rube"" Marquand, Pitcher, N.Y. Giants. Conservation treatment, NEDCC, 2008.",Charles W. Mears Collection,Baseball,,https://cdm16014.contentdm.oclc.org/iiif/2/p4014coll27:112/full/full/0/default.jpg
113,"John J. McGraw in N.Y. Uniform, 1905",1905,1905,"Van Oeyen, Louis","John Joseph McGraw is holding a small figure of an elephant. He was manager of the New York Giants from 1902 to 1932. Conservation treatment, NEDCC, 2008.",Charles W. Mears Collection,Baseball,,https://cdm16014.contentdm.oclc.org/iiif/2/p4014coll27:113/full/full/0/default.jpg
114,"Charles Williard Mears, Baseball Statistician, 1929",1929,1929,,"Early baseball statistician and collector of baseball memorabilia, Mears donated his collection of baseball photographs, scrapbooks, and publications to the Cleveland Public Library. Conservation treatment, NEDCC, 2008.",Charles W. Mears Collection,Baseball,,https://cdm16014.contentdm.oclc.org/iiif/2/p4014coll27:114/full/full/0/default.jpg
115,"Dode Paskert, in Cincinnati Reds Uniform, 1910",1910,1910,"Van Oeyen, Louis","George Henry Paskert (1881-1959) was born in Cleveland. In 1910 when this photograph was taken he played for the Cincinnati Reds. Conservation treatment, NEDCC, 2008.",Charles W. Mears Collection,Baseball,,https://cdm16014.contentdm.oclc.org/iiif/2/p4014coll27:115/full/full/0/default.jpg
116,"Honus Wagner in Pittsburgh Pirates Uniform, 1910",1910,1910,"Van Oeyen, Louis","Johannes Peter Wagner, (1874- 1955 ) played for the Pittsburgh Pirates from 1900-1917. Conservation treatment, NEDCC, 2008.",Charles W. Mears Collection,Baseball,,https://cdm16014.contentdm.oclc.org/iiif/2/p4014coll27:116/full/full/0/default.jpg
117,"Bill Wambsganss in Cleveland Uniform, 1920",1920,1920,,"William Adolf Wambsganss (1894-1985) played for the Cleveland Indians from 1915-1923. This photograph was taken during the season that he completed an unassisted triple play against the Brooklyn Dodgers during the World Series. Conservation treatment, NEDCC, 2008.",Charles W. Mears Collection,Baseball,,https://cdm16014.contentdm.oclc.org/iiif/2/p4014coll27:117/full/full/0/default.jpg
118,Rube Bressler in Cincinnati Reds Uniform,,,,"Inscription on back: Rube Bressler who married Larry Kopf’s sister, [given to me by L. Kopf  9-13-74].",Eugene C. Murdock Collection,Baseball,,https://cdm16014.contentdm.oclc.org/iiif/2/p4014coll27:118/full/full/0/default.jpg
119,Christy Mathewson in New York Giants Uniform,,,Underwood & Underwood,Inscription on back: Mathewson-Giants.,Eugene C. Murdock Collection,Baseball,,https://cdm16014.contentdm.oclc.org/iiif/2/p4014coll27:119/full/full/0/default.jpg
120,Bill Carrigan,1915,1915,,Caption on back: Bill Carrigan 1915.,Eugene C. Murdock Collection,Baseball,,https://cdm16014.contentdm.oclc.org/iiif/2/p4014coll27:120/full/full/0/default.jpg
121,Janvrin Out at Plate,1916,1916,,"Hal Janvrin tagged out at home plate. Inscription on upper left: Janvrin out at plate, 9th inning 2nd game. [1916 Boston Red Sox Brooklyn Robins world series?].",Eugene C. Murdock Collection,Baseball,,https://cdm16014.contentdm.oclc.org/iiif/2/p4014coll27:121/full/full/0/default.jpg
122,Wheat Out at Plate,1916,1916,,Zack (Buck)Wheat tagged out at home plate. Inscription on upper left: Wheat out at plate. Fourth inning of first game. [1916 Boston Red Sox Brooklyn Robins world series].,Eugene C. Murdock Collection,Baseball,,https://cdm16014.contentdm.oclc.org/iiif/2/p4014coll27:122/full/full/0/default.jpg
123,Tris Speaker,ca. 1915,1915,Underwood & Underwood,,Eugene C. Murdock Collection,Baseball,,https://cdm16014.contentdm.oclc.org/iiif/2/p4014coll27:123/full/full/0/default.jpg
124,"Carl Mays and Ernie Shore, 1915",1915,1915,,"Ernest (Ernie) Shore and Carl Mays shown in business suits and carrying duffelbags. Inscription on back: Mays, Shore 1915.",Eugene C. Murdock Collection,Baseball,,https://cdm16014.contentdm.oclc.org/iiif/2/p4014coll27:124/full/full/0/default.jpg
125,"Red Sox Travel Photo Collage, 1915",1915,1915,,Composite of several photographs including Mays and Shore. Possibly related to 1915 World Series.,Eugene C. Murdock Collection,Baseball,,https://cdm16014.contentdm.oclc.org/iiif/2/p4014coll27:125/full/full/0/default.jpg
126,"Joe Wood, Boston Red Sox Pitcher, 1915",1915,1915,Underwood & Underwood,"Boston American player, Pitcher Wood. (Attached credit notice from Underwood & Underwood,  N.Y.).",Eugene C. Murdock Collection,Baseball,,https://cdm16014.contentdm.oclc.org/iiif/2/p4014coll27:126/full/full/0/default.jpg
127,"Dick Hoblitzell, 1915",1915,1915,Underwood & Underwood,Inscription on back: Dick Hoblitzell 1915.,Eugene C. Murdock Collection,Baseball,,https://cdm16014.contentdm.oclc.org/iiif/2/p4014coll27:127/full/full/0/default.jpg
128,"Ernie Shore, 1915",1915,1915,Underwood & Underwood,"Inscription on back: Shore, Boston Americans.",Eugene C. Murdock Collection,Baseball,,https://cdm16014.contentdm.oclc.org/iiif/2/p4014coll27:128/full/full/0/default.jpg
129,"Chet Thomas, Catcher, 1915",1915,1915,Underwood & Underwood,"Inscription on back, Chet Thomas. Boston American player Thomas, catcher (on credit notice from Underwood & Underwood, NY).",Eugene C. Murdock Collection,Baseball,,https://cdm16014.contentdm.oclc.org/iiif/2/p4014coll27:129/full/full/0/default.jpg
130,"Babe Ruth with Pitchers Shore, Leonard, and Foster, 1915",1915,1915,Underwood & Underwood,"Four Boston Red Sox pitchers: Ernie Shore, Hubert Benjamin ""Dutch"" Leonard, George ""Rube"" Foster, and Babe Ruth. Inscription on back: Shore, Leonard, Foster, Ruth, 1915.",Eugene C. Murdock Collection,Baseball,,https://cdm16014.contentdm.oclc.org/iiif/2/p4014coll27:130/full/full/0/default.jpg
131,Babe Ruth Photographing Boston Red Sox Team Members at Fenway Park,ca. 1915,1915,,"Inscription on back: Ruth (in front, taking photo). On railing: Chet Thomas, Rube Foster, Ernie Shore,  Dick Hoblitzell, Forrest Cady, Larry Gardner, Del Gainer [1915,1916,1917] at Fenway Park.",Eugene C. Murdock Collection,Baseball,,https://cdm16014.contentdm.oclc.org/iiif/2/p4014coll27:131/full/full/0/default.jpg
132,"Ernie Shore, 1915",1915,1915,,Inscription on back: Shore 1915.,Eugene C. Murdock Collection,Baseball,,https://cdm16014.contentdm.oclc.org/iiif/2/p4014coll27:132/full/full/0/default.jpg
133,Babe Phelps,,,,Babe Phelps in Brooklyn uniform.,Eugene C. Murdock Collection,Baseball,,https://cdm16014.contentdm.oclc.org/iiif/2/p4014coll27:133/full/full/0/default.jpg
134,Eddie Murphy Out at Third,1915,1915,International News Service,"Inscription on back: Boone tagged Murphy out at 3rd, Bob Wallace umpire. Hartyel close by. Cole backing up play. Rowland Mgr. Chicago coaching. Separate typed caption: Murphy out at third. The speedy right fielder of the Chicago White Sox, formerly of the Philadelphia Athletics is here shown going out on an attempt to make third on his double to right in the fifth inning of the New York-Chicago American League game at the Polo Grounds, July 30. The Chicago team won, 6-4. Note by Murdock:given to me by Lute Boone 1.25.75 [Gameg  played on July 30, 1915, at the Polo Grounds.]",Eugene C. Murdock Collection,Baseball,,https://cdm16014.contentdm.oclc.org/iiif/2/p4014coll27:134/full/full/0/default.jpg
135,Grover Cleveland Alexander and Pat Moran of the Philadelphia Phillies,ca. 1915,1915,,"Philadelphia Phillies pitcher Grover Cleveland Alexander on the left, manager Pat Moran on the right, standing at edge of field talking with well-dressed men seated in the front row. [No identification on the photograph, attribution made by Library staff.]",Eugene C. Murdock Collection,Baseball,,https://cdm16014.contentdm.oclc.org/iiif/2/p4014coll27:135/full/full/0/default.jpg
136,"Wood, Shore and Ruth, the Famous Pitching Trio of the Boston Red Sox","September 24, 1915",1915,Underwood & Underwood,"Composite of three individual portraits of Boston Red sox pitchers Joe Wood, Ernie Shore, and  Babe Ruth. Press release is attached, dated September 24, 1915.",Eugene C. Murdock Collection,Baseball,,https://cdm16014.contentdm.oclc.org/iiif/2/p4014coll27:136/full/full/0/default.jpg
163,Cleveland Indians 1920,1920,1920,"Van Oeyen, Louis","Cleveland Indians team photo. Tris Speaker, manager and center fielder sits in the middle of the first row between President James Dunn and Secretary Walter McNichols.",Baseball Collection,Baseball,,https://cdm16014.contentdm.oclc.org/iiif/2/p4014coll27:163/full/full/0/default.jpg
164,"Colavito, Rocky 1960",1960,1960,,Rocky Colavito wearing Cleveland Indians uniform standing in the batter’s box holding a bat.,CPL Digital Gallery,,,https://cdm16014.contentdm.oclc.org/iiif/2/p4014coll27:164/full/full/0/default.jpg
165,"Coveleskie, Stanley 1976",March 1976,1976,,"Head shot of Stanley Coveleskie wearing Washington Senators baseball cap, March 1976.",Baseball Collection,,,https://cdm16014.contentdm.oclc.org/iiif/2/p4014coll27:165/full/full/0/default.jpg
166,"Di Maggio, Joe 1936","June 2, 1936",1936,,"Joe Di Maggio, wearing New York Yankees uniform, in mid air with his arm outstretched to catch a ball, June 2, 1936.",CPL Digital Gallery,,,https://cdm16014.contentdm.oclc.org/iiif/2/p4014coll27:166/full/full/0/default.jpg
167,"Feller, Bob 1937","April 19, 1937",1937,,"Bob Feller in batter’s box getting ready to swing the bat, April 19, 1937.",CPL Digital Gallery,,,https://cdm16014.contentdm.oclc.org/iiif/2/p4014coll27:167/full/full/0/default.jpg
168,"Joss, Addie 1913",February 1913,1913,,"Addie Joss wearing a Cleveland Indians sweater and cap, February 1913.",CPL Digital Gallery,,,https://cdm16014.contentdm.oclc.org/iiif/2/p4014coll27:168/full/full/0/default.jpg
169,"Joss, Addie",,,,Head shot of Addie Joss wearing Cleveland Indians baseball cap.,CPL Digital Gallery,,,https://cdm16014.contentdm.oclc.org/iiif/2/p4014coll27:169/full/full/0/default.jpg
170,"Lajoie, Larry 1946",1946,1946,,Napoleon Larry Lajoie stands with bat wearing Cleveland Indians uniform.,CPL Digital Gallery,,,https://cdm16014.contentdm.oclc.org/iiif/2/p4014coll27:170/full/full/0/default.jpg
171,"Lemon, Bob 1949","September 30, 1949",1949,"Nash, John","Bob Lemon walking back to dugout wearing baseball glove, September 30, 1949.",NEA Collection,,,https://cdm16014.contentdm.oclc.org/iiif/2/p4014coll27:171/full/full/0/default.jpg
172,"Leroy (Satchel) Paige, circa 1948-1949",ca. 1948-1949,1948,,The photograph depicts Leroy (Satchel) Paige in his Cleveland Indians uniform. Paige played for the Indians in 1948 and 1949.,Baseball Collection,,,https://cdm16014.contentdm.oclc.org/iiif/2/p4014coll27:172/full/full/0/default.jpg
173,"Leroy (Satchel) Paige,1949","June 2, 1940",1940,"Somers, Arthur A.","The photograph depicts Leroy (Satchel) Paige standing with his arms up in a pitching stance in front of the Cleveland Indians dugout, June 2, 1949.",Portrait & Biography Collection,,,https://cdm16014.contentdm.oclc.org/iiif/2/p4014coll27:173/full/full/0/default.jpg
174,"Peckinpaugh, Roger 1941","April 1, 1941",1941,,"Roger Peckinpaugh standing with his hand on his hip wearing a Cleveland Indians uniform, April 1, 1941.",NEA Collection,,,https://cdm16014.contentdm.oclc.org/iiif/2/p4014coll27:174/full/full/0/default.jpg
175,Shoffner Milburn 1930,"January 25, 1930",1930,,"Milburn Shoffner in Cleveland Indians uniform with his arms up holding a glove, January 25, 1930.",NEA Collection,,,https://cdm16014.contentdm.oclc.org/iiif/2/p4014coll27:175/full/full/0/default.jpg
176,"Speaker,Tris 1927","March 3, 1927",1927,,"Tris Speaker stands with bat in front of Cleveland Indians dugout, March 3, 1927.",NEA Collection,,,https://cdm16014.contentdm.oclc.org/iiif/2/p4014coll27:176/full/full/0/default.jpg
181,Mears Baseball Scrapbook Volume 05 1875-1879,1875-1879,1875,,"Articles and Box scores, 1875-1879. This scrapbook was originally compiled and owned by Tim Murnane before being acquired by Charles W. Mears for statistical research. Murnane (1852-1917), known as “The Silver King,” was a professional baseball player from 1872 to 1884. Afterward, he turned to sportswriting for the Boston Globe and later became its sports editor.",Charles W. Mears Baseball Collection,,,https://cdm16014.contentdm.oclc.org/iiif/2/p4014coll27:335/full/full/0/default.jpg
182,Cleveland Buckeyes of 1945,1945,1945,,"Illustrated team roster for the Cleveland Buckeyes, a professional Negro Leagues baseball team based in Cleveland from 1943-1948. The team won the Negro World Series in 1945.",Cleveland Public Library Digital Gallery,,,https://cdm16014.contentdm.oclc.org/iiif/2/p4014coll27:182/full/full/0/default.jpg
183,Cleveland Indians 1937,1937,1937,,Cleveland Indians baseball team on the stadium outfield grass.,NEA Collection,,,https://cdm16014.contentdm.oclc.org/iiif/2/p4014coll27:183/full/full/0/default.jpg
184,Cleveland Indians 1948,1948,1948,,"A Cleveland Indians contingent getting ready to board a train at the Terminal for their trip to spring training in Tucson, Arizona, includes (left to right) coach George Susce, pitcher Steve Gromek, first baseman Eddie Robinson, catcher Hank Ruszkowski, pitcher Ernie Groth, pitcher Al Gettel, Plain Dealer photographer Ray Matjasic, Plain Dealer sports writer Harry Jones, traveling secretary Spud Goldstein, coach Muddy Ruel, and pitcher-coach Mel Harder.",Cleveland Public Library Digital Gallery,,,https://cdm16014.contentdm.oclc.org/iiif/2/p4014coll27:184/full/full/0/default.jpg
185,Cleveland Indians 1955,"March 2, 1955",1955,,"All-time great Bob Feller (second from left) shows a baseball grip to teammates (left to right) Bill Myers, Herb Score, and Ray Pitula, at spring training in Tucson, Arizona, on March 2, 1955.",Cleveland Public Library Digital Gallery,,,https://cdm16014.contentdm.oclc.org/iiif/2/p4014coll27:185/full/full/0/default.jpg
186,Cleveland Indians 1937,1937,1937,,"Pictured (left to right) are Roy Hughes (3B), Johnny Allen (RHP), Odell Hale (3B), Lloyd Brown (LHP), and Denny Galehouse (RHP).",Cleveland Public Library Digital Gallery,,,https://cdm16014.contentdm.oclc.org/iiif/2/p4014coll27:186/full/full/0/default.jpg
187,"Grimes, Burleigh 1923",1923,1923,,"Burleigh Grimes (1893-1985) pitched for 10 teams in his 19 years in the major leagues (1916-1934), compiling a career win-loss record of 270-212. Nicknamed Ol' Stubblebeard, Grimes was the last pitcher officially permitted to throw a spitter. He was inducted into the Baseball Hall of Fame in 1964.",Baseball Collection,,,https://cdm16014.contentdm.oclc.org/iiif/2/p4014coll27:187/full/full/0/default.jpg
188,"Grimes, Burleigh 1924",1924,1924,Keystone View Company,"Pictured as a member of the Brooklyn Nationals, Burleigh Grimes (1893-1985) pitched for 10 teams in his 19 years in the major leagues (1916-1934), compiling a career win-loss record of 270-212. Nicknamed Ol' Stubblebeard, Grimes was the last pitcher officially permitted to throw a spitter. He was inducted into the Baseball Hall of Fame in 1964.",Cleveland Public Library Digital Gallery,,,https://cdm16014.contentdm.oclc.org/iiif/2/p4014coll27:188/full/full/0/default.jpg
189,"Grimes, Burleigh 1938 with Babe Ruth and Tony Lazzeri",1938,1938,,"Brooklyn Dodgers manager Burleigh Grimes sits to the left of his first base coach Babe Ruth, who's shaking hands with Tony Lazzeri, who signed with the Dodgers for the 1939 season. Burleigh Grimes (1893-1985) pitched for 10 teams in his 19 years in the major leagues (1916-1934), compiling a career win-loss record of 270-212. Nicknamed Ol' Stubblebeard, Grimes was the last pitcher officially permitted to throw a spitter. He was inducted into the Baseball Hall of Fame in 1964.",NEA Collection,,,https://cdm16014.contentdm.oclc.org/iiif/2/p4014coll27:189/full/full/0/default.jpg
190,"Grimes, Burleigh",,,,"Burleigh Grimes (1893-1985) pitched for 10 teams in his 19 years in the major leagues (1916-1934), compiling a career win-loss record of 270-212. Nicknamed Ol' Stubblebeard, Grimes was the last pitcher officially permitted to throw a spitter. He was inducted into the Baseball Hall of Fame in 1964.",Cleveland Public Library Digital Gallery,,,https://cdm16014.contentdm.oclc.org/iiif/2/p4014coll27:190/full/full/0/default.jpg
191,"Grimes, Burleigh 1921",1921,1921,,"Burleigh Grimes (1893-1985) pitched for 10 teams in his 19 years in the major leagues (1916-1934), compiling a career win-loss record of 270-212. Nicknamed Ol' Stubblebeard, Grimes was the last pitcher officially permitted to throw a spitter. He was inducted into the Baseball Hall of Fame in 1964.",NEA Collection,,,https://cdm16014.contentdm.oclc.org/iiif/2/p4014coll27:191/full/full/0/default.jpg
192,"Waddell, George Edward (Rube)",,,,"Pitcher Rube Waddell (George Edward Waddell, 1876-1914) played 13 years in the major leagues (1897-1910) for six teams. In 1905 with the Philadelphia Athletics, the southpaw won 27 games, lost only 10, and had an earned run average of 1.48. Waddell's career win-loss record was 193-143. He was inducted into the Baseball Hall of Fame in 1946.",Baseball (BB) Collection,,,https://cdm16014.contentdm.oclc.org/iiif/2/p4014coll27:192/full/full/0/default.jpg
193,"Adams, Charles (Babe) 1926",1926,1926,E.F.S.,"Charles 'Babe' Adams (1882-1968) played all but a few months of his 19 years in the majors with the Pittsburgh Pirates. Known as an outstanding control pitcher, the right hander had a career average of 1.29 walks per nine innings pitched, ranking as the second lowest in the 20th century. When his career ended in 1926, Adams had posted 194 wins and 140 losses, winning 20 games twice. He threw three complete game victories against Detroit en route to a 1909 Pirates' World Series championship.",Baseball (BB) Collection,,,https://cdm16014.contentdm.oclc.org/iiif/2/p4014coll27:193/full/full/0/default.jpg
194,"Baker, Frank 1918",1918,1918,,"Pictured here as a New York Yankee, third baseman Frank Baker (1886-1963) was the top slugger in baseball’s deadball era. He earned the moniker Home Run Baker because of two clutch home runs that helped win games two and three of the 1911 World Series, which ended in a championship for his Philadelphia Athletics. Baker was the American League home run king four consecutive years, hitting 11 round-trippers in 1911, 10 in 1912, 12 in 1913, and 9 in 1914. His 13-year playing career (1908-1922) included three World Series championships, all with the A's. He was inducted into the Baseball Hall of Fame in 1955.",NEA Collection,,,https://cdm16014.contentdm.oclc.org/iiif/2/p4014coll27:194/full/full/0/default.jpg
195,"Baker, Frank 1918",1918,1918,,"Pictured here as a New York Yankee, third baseman Frank Baker (1886-1963) was the top slugger in baseball’s deadball era. He earned the moniker Home Run Baker because of two clutch home runs that helped win games two and three of the 1911 World Series, which ended in a championship for his Philadelphia Athletics. Baker was the American League home run king four consecutive years, hitting 11 round-trippers in 1911, 10 in 1912, 12 in 1913, and 9 in 1914. His 13-year playing career (1908-1922) included three World Series championships, all with the A's. He was inducted into the Baseball Hall of Fame in 1955.",NEA Collection,,,https://cdm16014.contentdm.oclc.org/iiif/2/p4014coll27:195/full/full/0/default.jpg
196,"Baker, Frank 1918",1918,1918,,"Pictured here as a New York Yankee, third baseman Frank Baker (1886-1963) was the top slugger in baseball’s deadball era. He earned the moniker Home Run Baker because of two clutch home runs that helped win games two and three of the 1911 World Series, which ended in a championship for his Philadelphia Athletics. Baker was the American League home run king four consecutive years, hitting 11 round-trippers in 1911, 10 in 1912, 12 in 1913, and 9 in 1914. His 13-year playing career (1908-1922) included three World Series championships, all with the A's. He was inducted into the Baseball Hall of Fame in 1955.",NEA Collection,,,https://cdm16014.contentdm.oclc.org/iiif/2/p4014coll27:196/full/full/0/default.jpg
197,"Baker, Frank 1919",1919,1919,,"Pictured here as a New York Yankee, third baseman Frank Baker (1886-1963) was the top slugger in baseball’s deadball era. He earned the moniker Home Run Baker because of two clutch home runs that helped win games two and three of the 1911 World Series, which ended in a championship for his Philadelphia Athletics. Baker was the American League home run king four consecutive years, hitting 11 round-trippers in 1911, 10 in 1912, 12 in 1913, and 9 in 1914. His 13-year playing career (1908-1922) included three World Series championships, all with the A's. He was inducted into the Baseball Hall of Fame in 1955.",NEA Collection,,,https://cdm16014.contentdm.oclc.org/iiif/2/p4014coll27:197/full/full/0/default.jpg
198,"Baker, Frank 1919",1919,1919,,"Pictured here as a New York Yankee, third baseman Frank Baker (1886-1963) was the top slugger in baseball’s deadball era. He earned the moniker Home Run Baker because of two clutch home runs that helped win games two and three of the 1911 World Series, which ended in a championship for his Philadelphia Athletics. Baker was the American League home run king four consecutive years, hitting 11 round-trippers in 1911, 10 in 1912, 12 in 1913, and 9 in 1914. His 13-year playing career (1908-1922) included three World Series championships, all with the A's. He was inducted into the Baseball Hall of Fame in 1955.",NEA Collection,,,https://cdm16014.contentdm.oclc.org/iiif/2/p4014coll27:198/full/full/0/default.jpg
199,"Baker, Frank 1921",1921,1921,,"Pictured here as a New York Yankee, third baseman Frank Baker (1886-1963) was the top slugger in baseball’s deadball era. He earned the moniker Home Run Baker because of two clutch home runs that helped win games two and three of the 1911 World Series, which ended in a championship for his Philadelphia Athletics. Baker was the American League home run king four consecutive years, hitting 11 round-trippers in 1911, 10 in 1912, 12 in 1913, and 9 in 1914. His 13-year playing career (1908-1922) included three World Series championships, all with the A's. He was inducted into the Baseball Hall of Fame in 1955.",NEA Collection,,,https://cdm16014.contentdm.oclc.org/iiif/2/p4014coll27:199/full/full/0/default.jpg
200,"Collins, Edward Sr. 1917",1917,1917,,"Pictured here as a member of the Chicago White Sox, Eddie Collins (1887-1951) played his 25-year career (1906-1930) exclusively in the American League. Some of his many noteworthy statistics included a .333 career batting average, 3,315 hits, and 743 stolen bases, including 81 in 1910. He helped the Philadelphia Athletics win three world championships, and won one more with the White Sox. The second baseman was inducted into the Baseball Hall of Fame in 1939.",Baseball (BB) Collection,,,https://cdm16014.contentdm.oclc.org/iiif/2/p4014coll27:200/full/full/0/default.jpg
201,"Collins, Edward Sr.",,,,"Pictured here as a member of the Chicago White Sox, Eddie Collins (1887-1951) played his 25-year career (1906-1930) exclusively in the American League. Some of his many noteworthy statistics included a .333 career batting average, 3,315 hits, and 743 stolen bases, including 81 in 1910. He helped the Philadelphia Athletics win three world championships, and won one more with the White Sox. The second baseman was inducted into the Baseball Hall of Fame in 1939.",Baseball (BB) Collection,,,https://cdm16014.contentdm.oclc.org/iiif/2/p4014coll27:201/full/full/0/default.jpg
202,"Collins, Edward Sr. with Glove",,,,"Shown here as a member of the Chicago White Sox, Eddie Collins (1887-1951) played his 25-year career (1906-1930) exclusively in the American League. Among his many noteworthy statistics, he posted a .333 career batting average, 3,315 hits, and 743 stolen bases, including 81 in 1910. He helped the Philadelphia Athletics win three world championships, and won one more with the White Sox. The second baseman was inducted into the Baseball Hall of Fame in 1939.",Baseball (BB) Collection,,,https://cdm16014.contentdm.oclc.org/iiif/2/p4014coll27:202/full/full/0/default.jpg
203,"Larry Doby, 1951",1951,1951,,"Pictured here at Cleveland Municipal Stadium, Larry Doby (1923-2003) was the first African-American player in the American League, making his debut with the Cleveland Indians in July 1947. Doby and teammate Satchel Paige were the first African-American players to win a World Series championship, helping the Indians prevail in 1948. Also in that year, his first as the team's full-time centerfielder, Doby batted .301. During his career (1947-1959), he made the all-star team seven consecutive years, and hit 20 or more home runs in eight straight years, including 32 each in 1952 and 1954, when he led the American League. Larry Doby was inducted into the Baseball Hall of Fame in 1998.",Portrait & Biography Collection,,,https://cdm16014.contentdm.oclc.org/iiif/2/p4014coll27:203/full/full/0/default.jpg
204,"Doyle, Larry 1919",1919,1919,Central News Photo Service,"Pictured here as a member of the New York Giants, Larry Doyle (1886-1974) played most of his 14-year career with the Giants, helping the team win three straight pennants in 1911-13. As the son of a coal miner, Doyle himself worked five years in the mines and played semi-pro baseball prior to reaching the majors in 1907. In 1911, having established himself as an aggressive player and team leader, he was known to have said, “It’s great to be young and a New York Giant.” The second baseman won a batting title in 1915, hitting .320. When he retired in 1920, Doyle had achieved a .408 slugging percentage, tops by a National League second baseman at the time. His career batting average was .290.",NEA Collection,,,https://cdm16014.contentdm.oclc.org/iiif/2/p4014coll27:204/full/full/0/default.jpg
205,Cleveland Indians 1954 American League Champions,1954,1954,,"This autographed team photo of the 1954 American League champion Cleveland Indians includes players, coaches and some associated personnel. The Indians were a regular season juggernaut in 1954, winning 111 games and losing just 43. The World Series was a different story, as the team went down to defeat four games to none to the New York Giants. The 1954 World Series was the last one played at Cleveland Municipal Stadium.",Cleveland Public Library Digital Gallery,,,https://cdm16014.contentdm.oclc.org/iiif/2/p4014coll27:205/full/full/0/default.jpg
206,"Cuccinello, Anthony 1957",1957,1957,,"Pictured here in his Cleveland Indians uniform in March 1957, Tony Cuccinello (1907–1995) coached with the Indians during the 1952-1956 seasons. As a player, he was a three-time all-star during his major league career (1930-1945). He played for the Cincinnati Reds, Brooklyn Dodgers, Boston Bees, Boston Braves and Chicago White Sox. He led National League second basemen in assists and double plays three times. Cuccinello batted .300 or better five times, posting a career best .315 in 1931. He hit .308 for the Chicago White Sox in 1945, but lost the American League batting title to Snuffy Stirnweiss by .000087 of a percentage point, making it the closest batting race in major league history. After his playing days, he managed and coached in the minors, and then returned to the majors, coaching for the Cincinnati Reds, the Indians, the Chicago White Sox and the 1968 World Series champions, the Detroit Tigers.",Baseball (BB) Collection,,,https://cdm16014.contentdm.oclc.org/iiif/2/p4014coll27:206/full/full/0/default.jpg
207,"Doyle, Larry",,,,"Pictured here as a member of the New York Giants, Larry Doyle (1886-1974) played most of his 14-year career with the Giants, helping the team win three straight pennants in 1911-13. As the son of a coal miner, Doyle himself worked five years in the mines and played semi-pro baseball prior to reaching the majors in 1907. In 1911, having established himself as an aggressive player and team leader, he was known to have said, “It’s great to be young and a New York Giant.” The second baseman won a batting title in 1915, hitting .320. When he retired in 1920, Doyle had achieved a .408 slugging percentage, tops by a National League second baseman at the time. His career batting average was .290.",Baseball (BB) Collection,,,https://cdm16014.contentdm.oclc.org/iiif/2/p4014coll27:207/full/full/0/default.jpg
208,"Luke Easter, 1952",1952,1952,,"Pictured here as a member of the Cleveland Indians, Luke Easter (ca. 1915-1979) made a brief debut in Major League Baseball in 1949 with the Indians, following success in the semi-pros, Negro leagues, and Triple-A. As a 34-year-old rookie in 1950, he became the Indians starting first baseman, and hit 20 home runs, drove in 107 runs, and batted .280. In the same year, he hit a Municipal Stadium record 477-ft. blast to the upper deck in right field. Mickey Mantle was the only other player to match that, doing so in 1960. Easter had 27 homers in 1951, and 31 in 1952. Injuries and age slowed the 6’4”, 240-lb. slugger, and he retired from the major leagues after the 1954 season. He continued to play professionally in Triple-A, retiring as a player in 1963. Easter was shot and killed in Cleveland in 1979, while transporting money from payroll checks for his co-workers at TRW. In memoriam, Woodland Hills Park was renamed Luke Easter Park in 1980.",Portrait & Biography Collection,,,https://cdm16014.contentdm.oclc.org/iiif/2/p4014coll27:208/full/full/0/default.jpg
209,"Hoskins, David 1953",1953,1953,"Bottomer, Fred","Shown here in a Cleveland Indians uniform, pitcher David Hoskins (1925-1970) played two years with the Indians. He appeared in 26 games in the 1953 season, winning nine and losing three, and batting .259. In 1954, he pitched in only 14 games, and had a win-loss record of 0-1 on a team that featured a number of dominant pitchers. Earlier in his baseball career, Hoskins had been a star in the Negro Leagues. Playing for the Homestead Grays in 1944, he was switched from pitcher to outfield and batted .324 on a team with such hitting stars as Buck Leonard and Josh Gibson. In 1945, he starred as both a pitcher and hitter for the Grays. In 1950-1952, Hoskins played in the minor leagues. As a member of the Dallas Eagles in 1952, he was the first African-American to play in the Texas League. In that year, he won 22 games as a pitcher, and batted .328. After some other stops, he returned to the Eagles in 1958, and had 17 victories as a pitcher. David Hoskins was inducted into the Texas League Hall of Fame in 2004.",Cleveland Public Library Digital Gallery,,,https://cdm16014.contentdm.oclc.org/iiif/2/p4014coll27:209/full/full/0/default.jpg
210,"Lemon, Bob 1948",1948,1948,,"Pictured here as a member of the Cleveland Indians, Bob Lemon (1920-2000) was a player and manager in the major leagues. He began his career as a position player with the Cleveland Indians, playing briefly in the years 1941 and 1942. He then served three years in the United States Navy during World War II. After 1946, his first full year in the majors, Lemon was converted to pitcher. In his 13-year career, the right-hander posted 207 wins and 108 losses, and had a no-hitter against the Detroit Tigers in 1948. His 37 home runs as a pitcher rank him second in home runs for pitchers in the major leagues, one behind the 38 hit by Wes Ferrell. Lemon won 20 games seven times, and was also a seven-time member of the all-star team. He won a World Series as a player with the Indians in 1948, and was the manager of the triumphant Chicago White Sox in the 1978 World Series. He also managed the New York Yankees and the Kansas City Royals. Lemon was inducted into the Baseball Hall of Fame in 1976.",Cleveland Public Library Digital Gallery,,,https://cdm16014.contentdm.oclc.org/iiif/2/p4014coll27:210/full/full/0/default.jpg
211,"Mathewson, Christy 1916",1916,1916,Underwood & Underwood,"Pictured here on his first day as the manager of the Cincinnati Reds, Christy Mathewson (1880-1925) was one of the all-time great pitchers in the major leagues. Before making his debut with the New York Giants in July 1900, Mathewson played minor league baseball in 1899-1900, winning 20 games and losing only two in the latter year. He’d left college in 1899 after two years at Bucknell University, where “Matty” played three sports, was elected class president, and participated in the glee club and a literary society. Over his professional baseball career, Mathewson won 30 or more games four times, and 20 or more games thirteen times, reaching 373 wins over 17 years. In a 37-win season in 1908 with the New York Giants, he posted an E.R.A. of 1.43. In the 1905 World Series, he pitched three shutouts in six days against the Philadelphia Athletics, helping the Giants win the championship. Mathewson was traded from the Giants to the Cincinnati Reds in 1916, his last year as a player, and went on to manage the Reds during that season and through 1918. He enlisted in the U.S. Army in 1918 for World War I and, while training in France, fell victim to a poisonous gas accident. He later developed tuberculosis, leading to his death in 1925 at the age of 47. Mathewson was one of the “five immortals” in the 1936 inaugural class of the Baseball Hall of Fame. The others were Babe Ruth, Ty Cobb, Walter Johnson and Honus Wagner.",Cleveland Public Library Digital Gallery,,,https://cdm16014.contentdm.oclc.org/iiif/2/p4014coll27:211/full/full/0/default.jpg
212,"Mathewson, Christy 1917",1917,1917,Central News Photo Service,"Pictured here during his time as the manager of the Cincinnati Reds, Christy Mathewson (1880-1925) was one of the all-time great pitchers in the major leagues. Before making his debut with the New York Giants in July 1900, Mathewson played minor league baseball in 1899-1900, winning 20 games and losing only two in the latter year. He’d left college in 1899 after two years at Bucknell University, where “Matty” played three sports, was elected class president, and participated in the glee club and a literary society. Over his professional baseball career, Mathewson won 30 or more games four times, and 20 or more games thirteen times, reaching 373 wins over 17 years. In a 37-win season in 1908 with the New York Giants, he posted an E.R.A. of 1.43. In the 1905 World Series, he pitched three shutouts in six days against the Philadelphia Athletics, helping the Giants win the championship. Mathewson was traded from the Giants to the Cincinnati Reds in 1916, his last year as a player, and went on to manage the Reds during that season and through 1918. He enlisted in the U.S. Army in 1918 for World War I and, while training in France, fell victim to a poisonous gas accident. He later developed tuberculosis, leading to his death in 1925 at the age of 47. Mathewson was one of the “five immortals” in the 1936 inaugural class of the Baseball Hall of Fame. The others were Babe Ruth, Ty Cobb, Walter Johnson and Honus Wagner.",Cleveland Public Library Digital Gallery,,,https://cdm16014.contentdm.oclc.org/iiif/2/p4014coll27:212/full/full/0/default.jpg
213,"Mitchell, Dale 1952",1952,1952,,"Shown here as a member of the Cleveland Indians, Dale Mitchell (1921-1987) was an outfielder in Major League Baseball in 1946-1956. He played all but 19 of his 1,127 regular season games with the Indians. He was with the Brooklyn Dodgers toward the end of the 1956 season. Known as an outstanding contact hitter, the leftfielder had a career batting average of .312. In 1948, he hit a career high .336 with 204 hits, helping the Indians win the World Series. Mitchell made the all-star team twice.",Cleveland Public Library Digital Gallery,,,https://cdm16014.contentdm.oclc.org/iiif/2/p4014coll27:213/full/full/0/default.jpg
214,"Pope, David 1954",1954,1954,,"Shown here as a member of the Cleveland Indians, David Pope (1921-1999) played four years in Major League Baseball, beginning in 1952 with the Indians. He was traded to the Baltimore Orioles in 1955, and then traded back to the Indians in 1956, where he ended his Major League career. After that, he returned to the minors, playing until 1961. The centerfielder’s best big league year was in 1955, when he had 86 hits, 38 runs, 13 doubles, 4 triples, 7 home runs, and 52 RBI. Pope also played one year in the Negro leagues, and participated in the 1954 World Series. He spent a number of his post-baseball years working for the Cleveland Recreation Department at the Cory Recreation Center. David Pope is buried in Lake View Cemetery in Cleveland.",Cleveland Public Library Digital Gallery,,,https://cdm16014.contentdm.oclc.org/iiif/2/p4014coll27:214/full/full/0/default.jpg
215,"Pope, David",,,,"Pictured here as a member of the Cleveland Indians, David Pope (1921-1999) played four years in Major League Baseball, beginning in 1952 with the Indians. He was traded to the Baltimore Orioles in 1955, and then traded back to the Indians in 1956, where he ended his Major League career. After that, he returned to the minors, playing until 1961. The centerfielder’s best big league year was in 1955, when he had 86 hits, 38 runs, 13 doubles, 4 triples, 7 home runs, and 52 RBI. Pope also played one year in the Negro leagues, and participated in the 1954 World Series. He spent a number of his post-baseball years working for the Cleveland Recreation Department at the Cory Recreation Center. David Pope is buried in Lake View Cemetery in Cleveland.",Baseball (BB) Collection,,,https://cdm16014.contentdm.oclc.org/iiif/2/p4014coll27:215/full/full/0/default.jpg
216,"Tomanek, Dick 1957",1957,1957,,"Pictured here in his Cleveland Indians uniform, southpaw pitcher Dick Tomanek (1931- ) played Major League Baseball with the Indians in 1953-1954, and in 1957-1958. He was a member of the Kansas City Athletics in 1958-1959. The Avon Lake, Ohio native had a career win-loss record of 10-10.",Cleveland Public Library Digital Gallery,,,https://cdm16014.contentdm.oclc.org/iiif/2/p4014coll27:216/full/full/0/default.jpg
217,Cleveland Indians 1923,1923,1923,,"The 1923 Cleveland Indians were led by player-manager Tris Speaker, who batted .380 and tied Babe Ruth for the American League RBI title with 130. Shortstop Joe Sewell hit .353 and knocked in 109 runs. George Uhle was the team’s leading starter, posting 26 wins and 16 losses, while Stan Coveleski won the ERA title with 2.76. The Indians finished the year at 82-71, just behind the Tigers, but far behind the pennant-winning New York Yankees.",Cleveland Public Library Digital Gallery,,,https://cdm16014.contentdm.oclc.org/iiif/2/p4014coll27:217/full/full/0/default.jpg
218,"Dente, Samuel 1957",1957,1957,,"Pictured in a Cleveland Indians uniform, shortstop Samuel Dente (1922–2002) played with five teams in his Major League Baseball career (1947-1955), including the Indians in 1954-1955. He signed with the Boston Red Sox as an amateur free agent prior to the 1941 season, and played in the minors until 1944, when he went to serve in World War II. Dente was a .252 hitter lifetime, with 214 RBI in 745 major league games. He played with the Indians in the 1954 World Series.",Baseball (BB) Collection,,,https://cdm16014.contentdm.oclc.org/iiif/2/p4014coll27:218/full/full/0/default.jpg
219,"Dyck, Jim 1954",1954,1954,"Bottomer, Fred","Pictured here in a Cleveland Indians uniform, Jim Dyck (1922–1999) played with four teams in the  major leagues in 1951-1956, including a very brief stint with the Indians in 1954. In 330 games over his career, he had a .246 batting average, with 26 homers and 114 runs batted in. He was primarily a third baseman and leftfielder, but played every position, except pitcher and catcher. Jim Dyck served as a naval pilot in World War II.",NEA Collection,,,https://cdm16014.contentdm.oclc.org/iiif/2/p4014coll27:219/full/full/0/default.jpg
220,"Garcia, Mike 1952",1952,1952,,"Mike Garcia (1923-1986) had a 14-year pitching career in the majors, most notably with the Indians in 1948-1959. In the early 1950s, he was one of the “Big Four” on the Indians staff, with the others being Bob Lemon, Early Wynn, and Bob Feller. Nicknamed the Big Bear, the right-handed power pitcher had a career win-loss record of 142-97. He posted two 20-win seasons, and was a three-time All-Star. Mike Garcia served in U.S. Army for three years during World War II.",NEA Collection,,,https://cdm16014.contentdm.oclc.org/iiif/2/p4014coll27:220/full/full/0/default.jpg
221,"Ginsberg, Joe [Myron] 1953",1953,1953,,"Pictured here in his catcher's crouch in a Cleveland Indians uniform, Myron Nathan (Joe) Ginsberg (1926–2012) played 13 years in the majors with seven teams, including the Indians (1953-1954). His career began in 1948 and ended in 1962, when he had a brief stint as an original member of the New York Mets. Ginsberg had a lifetime batting average of .241 in 1,716 at bats over 695 games. He was a member of the American League champion Indians in 1954.",Baseball (BB) Collection,,,https://cdm16014.contentdm.oclc.org/iiif/2/p4014coll27:221/full/full/0/default.jpg
222,"Ginsberg, Joe [Myron] 1954",1954,1954,,"Pictured here in a Cleveland Indians uniform, Myron Nathan (Joe) Ginsberg (1926–2012) played 13 years in the majors with seven teams, including the Indians (1953-1954). His career began in 1948 and ended in 1962, when he had a brief stint as an original member of the New York Mets. Ginsberg had a lifetime batting average of .241 in 1,716 at bats over 695 games. He was a member of the American League champion Indians in 1954.",NEA Collection,,,https://cdm16014.contentdm.oclc.org/iiif/2/p4014coll27:222/full/full/0/default.jpg
223,"Harder, Mel 1957",1957,1957,,"Mel Harder (1909-2002) was a pitcher with the Cleveland Indians for twenty years, beginning in 1928. After his retirement as a player, he was the team’s pitching coach for another sixteen years, and then went on to coach with four other teams before finally retiring. The four-time All-Star right-hander won 223 games in his career, and led the American League in earned run average six times. He won 20 games twice and 15 games eight times. His 582 games pitched still stands as a team record. He was the pitching coach on the 1948 World Series champion Indians. Mel Harder died in Chardon, Ohio at age 93.",NEA Collection,,,https://cdm16014.contentdm.oclc.org/iiif/2/p4014coll27:223/full/full/0/default.jpg
224,"Hegan, Jim 1955",1955,1955,,"Shown here in a Cleveland Indians uniform, Jim Hegan (1920-1984) was an outstanding defensive major league catcher in his 17-year career (1941-1942 and 1946-1960). He played with five teams, most notably spending 13 years as a member of the Indians. He served in the United States Coast Guard in World War II. Although not an elite hitter, he was so skilled and intelligent behind the plate that he ended up a five-time All-Star anyway. He was a key player in the Indians’ 1948 World Series championship, handling a dominant pitching staff that included Bob Feller, Bob Lemon and Gene Bearden. Jim Hegan had a career fielding percentage of .990.",NEA Collection,,,https://cdm16014.contentdm.oclc.org/iiif/2/p4014coll27:224/full/full/0/default.jpg
225,"Devore, Joshua 1913",1913,1913,"Schmidt, J.R.","Pictured here in a New York Giants uniform, Joshua (Josh) Devore (1887-1954) played with four teams in his seven years in the major leagues (1908-1914). Known as the Seelyville Speed Demon, the 5-foot, 6-inch outfielder was a top bunter and base stealer, totaling 160 base thefts in his career, including 61 in 1911. He hit .277 in the majors. Devore played with the Giants' 1911 and 1912 pennant-winning teams, and the 1914 World Series champion Boston Braves.",Cleveland Public Library Digital Gallery,,,https://cdm16014.contentdm.oclc.org/iiif/2/p4014coll27:225/full/full/0/default.jpg
226,"Lopez, Al with Tris Speaker",,,,"Shown here in a Cleveland Indians uniform with fellow Hall-of-Famer Tris Speaker, Al Lopez (1908-2005) was a successful catcher and manager in the major leagues. As a player in 1928-1947, he played with four teams, including the Indians in 1947. For his career, Lopez hit .261, with 1,547 hits and 652 RBI. He was a two-time all-star. When he retired as a player after the 1947 season, he’d played in 1,918 games as a catcher, a major league record at the time. As a manager, he had a .584 winning percentage, with a record of 1,410 wins and 1,004 losses. In 1949-1964, when the New York Yankees won all but two American League pennants, only the Al Lopez-managed teams in 1954 (Indians) and 1959 (Chicago White Sox) stopped the streak. He was inducted into the Baseball Hall of Fame in 1977.",Cleveland Public Library Digital Gallery,,,https://cdm16014.contentdm.oclc.org/iiif/2/p4014coll27:226/full/full/0/default.jpg
227,"Majeski, Hank 1955",1955,1955,,"Shown here in a Cleveland Indians uniform, Hank Majeski (1916–1991) played with six major league teams in a career that spanned 1939-1941 and 1946-1955. He was a member of the U.S. Coast Guard in 1943 during World War II, and missed the 1943-1945 seasons. Majeski was a .279 career hitter and played on the 1954 pennant-winning Indians. The slick-fielding third-baseman had a record-setting year in 1947, achieving a fielding percentage of .988. In 1948, he batted .310, hit 12 homers, and knocked in 120 runs. He had the league’s best fielding percentage again, this time with .975. Also in 1948, he hit six doubles in a doubleheader.",Cleveland Public Library Digital Gallery,,,https://cdm16014.contentdm.oclc.org/iiif/2/p4014coll27:227/full/full/0/default.jpg
228,"Narleski, Ray 1958",1958,1958,,"Shown in his Cleveland Indians uniform, Ray Narleski (1928–2012) was a star reliever in Major League Baseball, playing with the Indians in 1954-1958, and the Detroit Tigers in 1959. Narleski had a win-loss record of 43-33 in the majors, posting 58 career saves in 702 innings, with an earned run average of 3.60. Armed with a top-flight fastball and good breaking pitches, he was an American League All-Star in 1956 and 1958. Narleski was on the Indians' 1954 World Series squad.",NEA Collection,,,https://cdm16014.contentdm.oclc.org/iiif/2/p4014coll27:228/full/full/0/default.jpg
229,"Regalado, Rudy  1954",1954,1954,"Bottomer, Fred","Standing on third base with glove ready, Cleveland Indians infielder Rudolph Valentino (Rudy) Regalado (1930- ) played with the Indians in his three-year major league career (1954-1956). He had a career batting average of .249 in 288 plate appearances, and participated in the 1954 World Series.",NEA Collection,,,https://cdm16014.contentdm.oclc.org/iiif/2/p4014coll27:229/full/full/0/default.jpg
230,"Rosen, Al  1952",1952,1952,,"Al Rosen (1924- ) played 10 years in the majors, all with the Indians (1947-1956). The third baseman made the All-Star team four times, and led the American League in home runs and RBIs two times each. He was league MVP in 1953, hitting 43 home runs and driving in 145 runs. For his career, Rosen hit .285, with 192 homers and 717 runs batted in. He was a member of the Indians in their World Series championship year in 1948, and was a major contributor to the team’s American League championship in 1954. After retiring as a player, he later returned to Major League Baseball as an executive for several teams. He was club president and CEO of the New York Yankees in 1978-1979. The Yankees won the 1978 World Series. He was general manager of the San Francisco Giants in 1985-1992. The Giants won the National League pennant in 1989. Al Rosen served with the U.S. Navy in World War II.",NEA Collection,,,https://cdm16014.contentdm.oclc.org/iiif/2/p4014coll27:230/full/full/0/default.jpg
231,"Santiago, Jose 1954",1954,1954,,"Pitcher José Santiago (1928- ) made his major league debut with the Indians in 1954, and also played with the team in 1955. He played with the Kansas City Athletics in 1956. The right-hander had a career win-loss record of 3-2 in the majors in 27 appearances. He played in the Negro leagues in 1947-1948 as a member of the New York Cubans. In 11 years in the minor leagues, Santiago won 112 games.  ",NEA Collection,,,https://cdm16014.contentdm.oclc.org/iiif/2/p4014coll27:231/full/full/0/default.jpg
232,"Smith, Al  1955",1955,1955,"Bottomer, Fred","Pictured here in a Cleveland Indians uniform crossing home plate, Al Smith (1928–2002) played 12 productive seasons in the American League (1953-1964) with four teams, including the Indians (1953–1957, 1964). The outfielder/third baseman had career totals of 164 home runs, 676 runs batted in, and a batting average of .272. He was a two-time All-Star, and played on two American League pennant winners, the Indians in 1954, and Chicago White Sox in 1959. He also played in the Negro Leagues, having been signed at age 17 by the Cleveland Buckeyes.",NEA Collection,,,https://cdm16014.contentdm.oclc.org/iiif/2/p4014coll27:232/full/full/0/default.jpg
233,"Wertz, Victor",,,,"Pictured here in his Cleveland Indians uniform stretching for a throw at first base, Vic Wertz (1925–1983) was a four-time All-Star in his 17-year major league career (1947-1963). He played with six teams, including the Indians in 1954-1958. In his career, the first baseman/outfielder batted .277, hit 266 home runs, and had 1,178 runs batted in. He finished in the top 15 in Most Valuable Player voting five times, and was in the top 10 in the American League in homers seven times. In the Indians' losing effort in the 1954 World Series against the New York Giants, Wertz hit the blast to deep centerfield that Willie Mays caught with his back to home plate, in what is now one of the most iconic plays in major league history. Vic Wertz was also a World War II veteran.",NEA Collection,,,https://cdm16014.contentdm.oclc.org/iiif/2/p4014coll27:233/full/full/0/default.jpg
234,"Westlake, Wally",,,,"Pictured in a Cleveland Indians uniform, Wally Westlake (!920- ) played with six teams in his 10 years in the majors, including the Indians in 1952-1955. The journeyman infielder/outfielder slugged 127 home runs in his career, including 97 with his first team, the Pittsburgh Pirates (1947-1951). He batted in 539 runs and hit .272 in 958 total games. Westlake made the National League All-Star team in 1951 as a member of the St. Louis Cardinals. He participated in the 1954 World Series with the Indians.",NEA Collection,,,https://cdm16014.contentdm.oclc.org/iiif/2/p4014coll27:234/full/full/0/default.jpg
235,"Coombs, John",,,,"John (“Jack”) Coombs (1882-1957) pitched with three teams in a very productive major league career. As a member of the Philadelphia Athletics (1906-1914), the Colby College graduate played on World Series championship teams in 1910 and 1911, and was a three-time winner in the 1910 series. Also in 1910, he won 31 games during the regular season, and lost only nine, posting 13 shutouts, He also had a consecutive scoreless innings streak of 53 innings in that year. He had 28 wins in 1911. Coombs' career win-loss record was 158-110, with a 2.78 ERA. He also played with the Brooklyn Dodgers (1915-1918) and Detroit Tigers (1920). Among his other achievements, Jack Coombs coached the Duke University baseball team to 382 wins over 22 years (1929-1952).",Baseball (BB) Collection,,,https://cdm16014.contentdm.oclc.org/iiif/2/p4014coll27:235/full/full/0/default.jpg
236,"Davis, George",,,,"Pictured here in a New York Giants uniform, George Davis (1870–1940) had a prolific 20-year Major League Baseball career. He played with the Giants in 1893-1901 and 1903, and was a player-manager with them in 1895 and 1900-1901. He also played with the Cleveland Spiders (1890-1892) and Chicago White Sox (1902 and 1904-1909). Skilled as a shortstop, third baseman and outfielder, Davis batted over .300 in nine consecutive seasons, scored 100 or more runs in five seasons, and had over 100 RBI in three campaigns. He was the National League batting champ in 1897, hitting .353. In 1906, as a member of the White Sox, he won a World Series title. Davis had a career batting average of .295. He was inducted into the Baseball Hall of Fame in 1998.",Baseball (BB) Collection,,,https://cdm16014.contentdm.oclc.org/iiif/2/p4014coll27:236/full/full/0/default.jpg
237,"Davis, George",,,,"Pictured here in a New York Giants uniform, George Davis (1870–1940) had a prolific 20-year Major League Baseball career. He played with the Giants in 1893-1901 and 1903, and was a player-manager with them in 1895 and 1900-1901. He also played with the Cleveland Spiders (1890-1892) and Chicago White Sox (1902 and 1904-1909). Skilled as a shortstop, third baseman and outfielder, Davis batted over .300 in nine consecutive seasons, scored 100 or more runs in five seasons, and had over 100 RBI in three campaigns. He was the National League batting champ in 1897, hitting .353. In 1906, as a member of the White Sox, he won a World Series title. Davis had a career batting average of .295. He was inducted into the Baseball Hall of Fame in 1998.",Baseball (BB) Collection,,,https://cdm16014.contentdm.oclc.org/iiif/2/p4014coll27:237/full/full/0/default.jpg
238,"Davis, George at Bat, from Back",,,,"George Davis (1870–1940) had a prolific 20-year Major League Baseball career. He played with the New York Giants in 1893-1901 and 1903, and was a player-manager with them in 1895 and 1900-1901. He also played with the Cleveland Spiders (1890-1892) and Chicago White Sox (1902 and 1904-1909). Skilled as a shortstop, third baseman and outfielder, the switch-hitting Davis batted over .300 in nine consecutive seasons, scored 100 or more runs in five seasons, and had over 100 RBI in three campaigns. He was the National League batting champ in 1897, hitting .353. In 1906, as a member of the White Sox, he won a World Series title. Davis had a career batting average of .295. He was inducted into the Baseball Hall of Fame in 1998.",Baseball (BB) Collection,,,https://cdm16014.contentdm.oclc.org/iiif/2/p4014coll27:238/full/full/0/default.jpg
239,"Davis, George at Bat, from Front",,,,"Pictured here in a New York Giants uniform, George Davis (1870–1940) had a prolific 20-year Major League Baseball career. He played with the Giants in 1893-1901 and 1903, and was a player-manager with them in 1895 and 1900-1901. He also played with the Cleveland Spiders (1890-1892) and Chicago White Sox (1902 and 1904-1909). Skilled as a shortstop, third baseman and outfielder, the switch-hitting Davis batted over .300 in nine consecutive seasons, scored 100 or more runs in five seasons, and had over 100 RBI in three campaigns. He was the National League batting champ in 1897, hitting .353. In 1906, as a member of the White Sox, he won a World Series title. Davis had a career batting average of .295. He was inducted into the Baseball Hall of Fame in 1998.",Baseball (BB) Collection,,,https://cdm16014.contentdm.oclc.org/iiif/2/p4014coll27:239/full/full/0/default.jpg
240,"Devore, Joshua 1928",1914,1914,,"Pictured here in a Boston Braves uniform, Joshua (Josh) Devore (1887-1954) played with four teams in his seven years in the major leagues (1908-1914). Known as the Seelyville Speed Demon, the 5'6"" outfielder was a top bunter and base stealer, totaling 160 base thefts in his career, including 61 in 1911. He hit .277 life time in the majors. Devore played with the New York Giants' 1911 and 1912 pennant-winning teams, and the 1914 World Series champion Braves.",NEA Collection,,,https://cdm16014.contentdm.oclc.org/iiif/2/p4014coll27:240/full/full/0/default.jpg
241,"Dinneen, William 1914",1914,1914,,"Pictured here in his umpire's attire, William Dinneen (or Dineen) (1876-1955) had a 12-year major league pitching career with four teams, posting a win-loss record of 170-177. As a member of the Boston Americans in the inaugural 1903 World Series, Dinneen won three games against the Pittsburgh Pirates, including the first two shutouts in series history. He won 65 games in his first three years in the majors, averaging over 300 innings pitched per year and a 2.49 ERA. In 1904, Dinneen threw an American League record 37 straight complete games, and set a second related record of 335 2/3 innings pitched without being relieved. In winning 23 games that year, he finished every game he started. After his playing career, Bill Dinneen was an American League umpire in 1909-1937.",Baseball (BB) Collection,,,https://cdm16014.contentdm.oclc.org/iiif/2/p4014coll27:241/full/full/0/default.jpg
242,"Faber, Urban 1927",1927,1927,,"Urban (Red) Faber (1888-1976) played exclusively with the Chicago White Sox in his 20-year major league career. At the time of his retirement in 1933, he was the American League’s last legal spitball pitcher. During his career, Faber won 254 games and posted an ERA of 3.15. Mainly a starter for the White Sox, he led the league in complete games in 1921 and 1922, with 32 and 31, respectively. He had three victories in the 1917 World Series, helping the Sox win the championship. He was also with the team during the 1919 Black Sox World Series scandal, but didn’t play because of injuries. Red Faber was inducted into the Baseball Hall of Fame in 1964.",NEA Collection,,,https://cdm16014.contentdm.oclc.org/iiif/2/p4014coll27:242/full/full/0/default.jpg
243,"Faber, Urban 1933",1933,1933,,"Urban (Red) Faber (1888-1976) played exclusively with the Chicago White Sox in his 20-year major league career. At the time of his retirement in 1933, he was the American League’s last legal spitball pitcher. During his career, Faber won 254 games and posted an ERA of 3.15. Mainly a starter for the White Sox, he led the league in complete games in 1921 and 1922, with 32 and 31, respectively. He had three victories in the 1917 World Series, helping the Sox win the championship. He was also with the team during the 1919 Black Sox World Series scandal, but didn’t play because of injuries. Red Faber was inducted into the Baseball Hall of Fame in 1964.",NEA Collection,,,https://cdm16014.contentdm.oclc.org/iiif/2/p4014coll27:243/full/full/0/default.jpg
244,"Faber, Urban",,,,"Urban (Red) Faber (1888-1976) played exclusively with the Chicago White Sox in his 20-year major league career. At the time of his retirement in 1933, he was the American League’s last legal spitball pitcher. During his career, Faber won 254 games and posted an ERA of 3.15. Mainly a starter for the White Sox, he led the league in complete games in 1921 and 1922, with 32 and 31, respectively. He had three victories in the 1917 World Series, helping the Sox win the championship. He was also with the team during the 1919 Black Sox World Series scandal, but didn’t play because of injuries. Red Faber was inducted into the Baseball Hall of Fame in 1964.",Baseball (BB) Collection,,,https://cdm16014.contentdm.oclc.org/iiif/2/p4014coll27:244/full/full/0/default.jpg
245,"Schaefer, Herman (Germany) 1915",1915,1915,,"Herman (Germany) Schaefer (1876-1919) was known as one of Major League Baseball's great pranksters. The second baseman played 15 seasons with six teams (1901-1918), and had a career batting average of .257. His name is associated with a rule change that occurred because he stole first base. Possibly in 1908, according to some, Schaefer was standing on first, and another runner was on third. Schaefer ran to steal second base, hoping the catcher would throw to second, and that the runner on third would break for home plate. When the catcher didn’t throw, Schaefer ran back to first, and still didn’t get a throw. A second attempt at the delayed double steal worked, with the runner from third crossing home safely as the catcher threw to second. In 1920, a rule was added to prevent a player from running the bases in reverse order once he had legally occupied another base. Among other antics, Schaefer was known to have worn a raincoat to his position in the infield when it was raining, and to have carried a lantern onto the field when he thought it was getting too dark to play.",Baseball (BB) Collection,,,https://cdm16014.contentdm.oclc.org/iiif/2/p4014coll27:245/full/full/0/default.jpg
246,"Snodgrass, Fred",,,,"Pictured in a New York Giants uniform, Fred Snodgrass (1887–1974) had a nine-year career in the majors as an outfielder, playing with the Giants (1908-1915) and Boston Braves (1915-1916). Known as a good fielder and base-stealer, he was a .275 career hitter, and achieved a .321 average in 1910. Snodgrass played in three straight World Series in 1911-1913, with the Giants losing all three. In the 1912 series, he was known for the “$30,000 Muff” because he dropped a fly ball in the 10th inning of the last game, leading to a Boston Red Sox comeback and, ultimately, the championship. The $30,000 was the difference between the winner and loser shares. The costly error diminished a spectacular, run-saving catch Snodgrass had made immediately after the drop.",Baseball (BB) Collection,,,https://cdm16014.contentdm.oclc.org/iiif/2/p4014coll27:246/full/full/0/default.jpg
247,"Snodgrass, Fred",,,,"Pictured here in a New York Giants uniform, Fred Snodgrass (1887–1974) had a nine-year career in the majors as an outfielder, playing with the Giants (1908-1915) and Boston Braves (1915-1916). Known as a good fielder and base-stealer, he was a .275 career hitter, and achieved a .321 average in 1910. Snodgrass played in three straight World Series in 1911-1913, with the Giants losing all three. In the 1912 series, he was known for the “$30,000 Muff” because he dropped a fly ball in the 10th inning of the last game, leading to a Boston Red Sox comeback and, ultimately, the championship. The $30,000 was the difference between the winner and loser shares. The costly error diminished a spectacular, run-saving catch Snodgrass had made immediately after the drop.",Baseball (BB) Collection,,,https://cdm16014.contentdm.oclc.org/iiif/2/p4014coll27:247/full/full/0/default.jpg
248,"Wood, Joe 1913",1913,1913,,"Shown here in a Boston Red Sox uniform, Joe Wood (1889-1985) played with the Red Sox (1908-1915) and Cleveland Indians (1917-1922) in his major league career. He was primarily a pitcher with the Red Sox. In 1912, Smoky Joe posted a sensational win-loss record of 34-5, struck out 258 batters, and had an ERA of 1.91. His career marks were 116 wins and 57 losses. An injury eventually ended his ability to be an effective pitcher. He was mainly an outfielder with the Indians. As a hitter, Wood’s career average was .283. He played on World Series winners in 1912, 1915, and 1920. After his retirement, he went on to be the head coach of the Yale University baseball team, winning 283 games over 20 years.",Baseball (BB) Collection,,,https://cdm16014.contentdm.oclc.org/iiif/2/p4014coll27:248/full/full/0/default.jpg
249,"Wood, Joe 1918",1918,1918,,"Shown in a Cleveland Indians uniform, Joe Wood (1889-1985) played with the Boston Red Sox (1908-1915) and Indians (1917-1922) in his major league career. He was primarily a pitcher with the Red Sox. In 1912, “Smoky Joe” posted a sensational win-loss record of 34-5, struck out 258 batters, and had an ERA of 1.91. His career marks were 116 wins and 57 losses. An injury eventually ended his ability to be an effective pitcher. He was mainly an outfielder with the Indians. As a hitter, Wood’s career average was .283. He played on World Series winners in 1912, 1915, and 1920. After his retirement, he went on to be the head coach of the Yale University baseball team, winning 283 games over 20 years.",NEA Collection,,,https://cdm16014.contentdm.oclc.org/iiif/2/p4014coll27:249/full/full/0/default.jpg
250,"Wood, Joe 1919",1919,1919,,"Pictured in a Cleveland Indians uniform, Joe Wood (1889-1985) played with the Boston Red Sox (1908-1915) and Indians (1917-1922) in his major league career. He was primarily a pitcher with the Red Sox. In 1912, Smoky Joe posted a sensational win-loss record of 34-5, struck out 258 batters, and had an ERA of 1.91. His career marks were 116 wins and 57 losses. An injury eventually ended his ability to be an effective pitcher. He was mainly an outfielder with the Indians. As a hitter, Wood’s career average was .283. He played on World Series winners in 1912, 1915, and 1920. After his retirement, he went on to be the head coach of the Yale University baseball team, winning 283 games over 20 years.",NEA Collection,,,https://cdm16014.contentdm.oclc.org/iiif/2/p4014coll27:250/full/full/0/default.jpg
251,"Wood, Joe 1920",1920,1920,,"Pictured here in a Cleveland Indians uniform, Joe Wood (1889-1985) played with the Boston Red Sox (1908-1915) and Indians (1917-1922) in his major league career. He was primarily a pitcher with the Red Sox. In 1912, Smoky Joe posted a sensational win-loss record of 34-5, struck out 258 batters, and had an ERA of 1.91. His career marks were 116 wins and 57 losses. An injury eventually ended his ability to be an effective pitcher. He was mainly an outfielder with the Indians. As a hitter, Wood’s career average was .283. He played on World Series winners in 1912, 1915, and 1920. After his retirement, he went on to be the head coach of the Yale University baseball team, winning 283 games over 20 years.",NEA Collection,,,https://cdm16014.contentdm.oclc.org/iiif/2/p4014coll27:251/full/full/0/default.jpg
252,"Wood, Joe",,,,"Joe Wood (1889-1985) played with the Boston Red Sox (1908-1915) and Cleveland Indians (1917-1922) in his major league career. He was primarily a pitcher with the Red Sox. In 1912, Smoky Joe posted a sensational win-loss record of 34-5, struck out 258 batters, and had an ERA of 1.91. His career marks were 116 wins and 57 losses. An injury eventually ended his ability to be an effective pitcher. He was mainly an outfielder with the Indians. As a hitter, Wood’s career average was .283. He played on World Series winners in 1912, 1915, and 1920. After his retirement, he went on to be the head coach of the Yale University baseball team, winning 283 games over 20 years.",Baseball (BB) Collection,,,https://cdm16014.contentdm.oclc.org/iiif/2/p4014coll27:252/full/full/0/default.jpg
253,"Evers, Johnny P. 1921",1921,1921,,"Pictured here as the manager of the Chicago Cubs, Johnny Evers (1881–1947) was a second baseman with the Cubs, Boston Braves, and Philadelphia Phillies in a playing career spanning 1902-1917. He managed the Cubs in 1913 and 1921, and the White Sox in 1924. The fiery 125-lb. Evers batted .270 in his career, and had an on-base percentage of .356. He was part of the Cubs’ famous double-play combination, “Tinker-to-Evers-to-Chance,” which was immortalized in the poem Baseball's Sad Lexicon by Franklin Adams. Evers played on World Series championship teams with the Cubs in 1907 and 1908, and the Braves in 1914, when the Miracle Braves swept the Phildelphia Athletics. Also in 1914, he was the National League’s MVP. Johnny Evers was inducted into the Baseball Hall of Fame in 1946.",NEA Collection,,,https://cdm16014.contentdm.oclc.org/iiif/2/p4014coll27:253/full/full/0/default.jpg
254,"Evers, Johnny P. 1914",1914,1914,Underwood & Underwood,"Shown here in his Boston Braves uniform shaking hands with Eddie Collins of the Philadelphia Athletics before the first game of the 1914 World Series, Johnny Evers (1881–1947) was a second baseman with the Chicago Cubs, the Braves, and the Philadelphia Phillies in a playing career spanning 1902-1917. He managed the Cubs in 1913 and 1921, and the White Sox in 1924. The fiery 125-lb. Evers batted .270 in his career, and had an on-base percentage of .356. He was part of the Cubs’ famous double-play combination, “Tinker-to-Evers-to-Chance,” which was immortalized in the poem Baseball's Sad Lexicon by Franklin Adams. Evers played on World Series championship teams with the Cubs in 1907 and 1908, and the Miracle Braves in 1914. Also in 1914, Evers was the National League MVP. He was inducted into the Baseball Hall of Fame in 1946.",Cleveland Public Library Digital Gallery,,,https://cdm16014.contentdm.oclc.org/iiif/2/p4014coll27:254/full/full/0/default.jpg
255,"Evers, Johnny P. 1912",1912,1912,Burke & Atwell,"Pictured here in a Chicago Cubs uniform, Johnny Evers (1881–1947) was a second baseman with the Cubs, Boston Braves, and Philadelphia Phillies in a playing career spanning 1902-1917. He managed the Cubs in 1913 and 1921, and the White Sox in 1924. The fiery 125-lb. Evers batted .270 in his career, and had an on-base percentage of .356. He was part of the Cubs’ famous double-play combination, “Tinker-to-Evers-to-Chance,” which was immortalized in the poem Baseball's Sad Lexicon by Franklin Adams. Evers played on World Series championship teams with the Cubs in 1907 and 1908, and the Braves in 1914, when the Miracle Braves swept the Philadelphia Athletics. Also in 1914, Evers was the National League MVP. Johnny Evers was inducted into the Baseball Hall of Fame in 1946.",Cleveland Public Library Digital Gallery,,,https://cdm16014.contentdm.oclc.org/iiif/2/p4014coll27:255/full/full/0/default.jpg
256,"Evers, Johnny P. 1914",1914,1914,,"Shown here in a Boston Braves uniform, Johnny Evers (1881–1947) was a second baseman with the Chicago Cubs, the Braves, and the Philadelphia Phillies in a playing career spanning 1902-1917. He managed the Cubs in 1913 and 1921, and the White Sox in 1924. The fiery 125-lb. Evers batted .270 in his career, and had an on-base percentage of .356. He was part of the Cubs’ famous double-play combination, “Tinker-to-Evers-to-Chance,” which was immortalized in the poem Baseball's Sad Lexicon by Franklin Adams. Evers played on World Series championship teams with the Cubs in 1907 and 1908, and the Braves in 1914, when the Miracle Braves swept the Philadelphia Athletics. Also in 1914, Evers was the National League MVP. Johnny Evers was inducted into the Baseball Hall of Fame in 1946.",Cleveland Public Library Digital Gallery,,,https://cdm16014.contentdm.oclc.org/iiif/2/p4014coll27:256/full/full/0/default.jpg
257,"Evers, Johnny P. 1921",1921,1921,,"Pictured here when he was the manager of the Chicago Cubs, Johnny Evers (1881–1947) was a second baseman with the Cubs, Boston Braves, and Philadelphia Phillies in a playing career spanning 1902-1917. He managed the Cubs in 1913 and 1921, and the White Sox in 1924. The fiery 125-lb. Evers batted .270 in his career, and had an on-base percentage of .356. He was part of the Cubs’ famous double-play combination, “Tinker-to-Evers-to-Chance,” which was immortalized in the poem Baseball's Sad Lexicon by Franklin Adams. Evers played on World Series championship teams with the Cubs in 1907 and 1908, and the Braves in 1914, when the Miracle Braves swept the Philadelphia Athletics. Also in 1914, Evers was the National League MVP. Johnny Evers was inducted into the Baseball Hall of Fame in 1946.",NEA Collection,,,https://cdm16014.contentdm.oclc.org/iiif/2/p4014coll27:257/full/full/0/default.jpg
258,"Evers, Johnny P. 1921",1921,1921,,"Chicago Cubs manager Johnny Evers (1881-1947) is showing his son Jack how to grip a baseball. Evers was a second baseman with the Cubs, Boston Braves, and Philadelphia Phillies in a playing career spanning 1902-1917. He managed the Cubs in 1913 and 1921, and the White Sox in 1924. The fiery 125-lb. Evers batted .270 in his career, and had an on-base percentage of .356. He was part of the Cubs’ famous double-play combination, “Tinker-to-Evers-to-Chance,” which was immortalized in the poem Baseball's Sad Lexicon by Franklin Adams. Evers played on World Series championship teams with the Cubs in 1907 and 1908, and the Braves in 1914, when the Miracle Braves swept the Philadelphia Athletics. Also in 1914, Evers was the National League MVP. Johnny Evers was inducted into the Baseball Hall of Fame in 1946.",NEA Collection,,,https://cdm16014.contentdm.oclc.org/iiif/2/p4014coll27:258/full/full/0/default.jpg
259,"Evers, Johnny P. 1921",1921,1921,,"Pictured here as the manager of the Chicago Cubs, Johnny Evers (1881–1947) was a second baseman with the Cubs, Boston Braves, and Philadelphia Phillies in a playing career spanning 1902-1917. He managed the Cubs in 1913 and 1921, and the White Sox in 1924. The fiery 125-lb. Evers batted .270 in his career, and had an on-base percentage of .356. He was part of the Cubs’ famous double-play combination, “Tinker-to-Evers-to-Chance,” which was immortalized in the poem Baseball's Sad Lexicon by Franklin Adams. Evers played on World Series championship teams with the Cubs in 1907 and 1908, and the Braves in 1914, when the Miracle Braves swept the Philadelphia Athletics. Also in 1914, Evers was the National League MVP. Johnny Evers was inducted into the Baseball Hall of Fame in 1946.",NEA Collection,,,https://cdm16014.contentdm.oclc.org/iiif/2/p4014coll27:259/full/full/0/default.jpg
260,"Evers, Johnny P. 1921",1921,1921,,"Johnny Evers, the manager of the Chicago Cubs, shakes hands with team majority owner and chewing gum magnate William Wrigley, Jr. Evers (1881–1947) was a second baseman with the Cubs, Boston Braves, and Philadelphia Phillies in a playing career spanning 1902-1917. He managed the Cubs in 1913 and 1921, and the White Sox in 1924. The fiery 125-lb. Evers batted .270 in his career, and had an on-base percentage of .356. He was part of the Cubs’ famous double-play combination, “Tinker-to-Evers-to-Chance,” which was immortalized in the poem Baseball's Sad Lexicon by Franklin Adams. Evers played on World Series championship teams with the Cubs in 1907 and 1908, and the Braves in 1914, when the “Miracle Braves” swept the Philadelphia Athletics. Also in 1914, Evers was the National League MVP. Johnny Evers was inducted into the Baseball Hall of Fame in 1946.",NEA Collection,,,https://cdm16014.contentdm.oclc.org/iiif/2/p4014coll27:260/full/full/0/default.jpg
261,"Evers, Johnny P. 1921",1921,1921,,"Shown here as the manager of the Chicago Cubs, Johnny Evers (1881–1947) was a second baseman with the Cubs, Boston Braves, and Philadelphia Phillies in a playing career spanning 1902-1917. He managed the Cubs in 1913 and 1921, and the White Sox in 1924. The fiery 125-lb. Evers batted .270 in his career, and had an on-base percentage of .356. He was part of the Cubs’ famous double-play combination, “Tinker-to-Evers-to-Chance,” which was immortalized in the poem Baseball's Sad Lexicon by Franklin Adams. Evers played on World Series championship teams with the Cubs in 1907 and 1908, and the Braves in 1914, when the “Miracle Braves” swept the Philadelphia Athletics. Also in 1914, Evers was the National League MVP. Johnny Evers was inducted into the Baseball Hall of Fame in 1946.",NEA Collection,,,https://cdm16014.contentdm.oclc.org/iiif/2/p4014coll27:261/full/full/0/default.jpg
262,"Avila, Roberto 1957",1957,1957,,"Bobby Avila (1924-2004) played second base with four major league teams, most notably the Cleveland Indians in 1949-1958. The three-time all-star won the American League batting title in 1954 with a .341 average. For his career, Avila hit .281, with 80 homers and 467 RBI. He was a member of the Indians’ 1954 World Series squad.",NEA Collection,,,https://cdm16014.contentdm.oclc.org/iiif/2/p4014coll27:262/full/full/0/default.jpg
263,"Chakales, Bob 1953",1953,1953,,"Cleveland Indians pitcher Bob Chakales (1927-2010) is pictured here in his windup. Chakales played with five clubs in the major leagues, beginning with the Indians in 1951-1954. The right-hander pitched as both a starter and reliever, posting a career win-loss record of 15-25, with an ERA of 4.54. In 1954, he had five wins and 47 strikeouts, both career highs.",NEA Collection,,,https://cdm16014.contentdm.oclc.org/iiif/2/p4014coll27:263/full/full/0/default.jpg
264,"Glynn, Bill 1954",1954,1954,,"Pictured here in his Cleveland Indians uniform, Bill Glynn (1925-2013) played first base with the Philadelphia Phillies (1949) and the Indians (1952-1954). He batted .249 in his career, with 170 hits, 10 home runs, and 56 RBI.",NEA Collection,,,https://cdm16014.contentdm.oclc.org/iiif/2/p4014coll27:264/full/full/0/default.jpg
265,"Gowdy, Hank 1921",1921,1921,,"Pictured here as a member of the Boston Braves, Hank Gowdy (1889–1966) was a catcher and first baseman in the major leagues with the New York Giants and Braves. He played with each team two different times in 1910-1930. He was a member of the 1914 World Series champion Braves, batting a clutch .545 in the series, and hitting the only home run. Known as a strong defensive catcher, Gowdy hit .270 in his career, and had 322 runs batted in. He became the first big league player to enlist in World War I and, as a member of the 166th Infantry Regiment of the Ohio National Guard, was involved in the brutal trench warfare in France. After his playing career, Gowdy coached with three different teams in the majors. He enlisted in World War II, and was commissioned a major in the United States Army. He received votes in 17 years for induction into the Baseball Hall of Fame, but was never inducted.",NEA Collection,,,https://cdm16014.contentdm.oclc.org/iiif/2/p4014coll27:265/full/full/0/default.jpg
266,"Gowdy, Hank",,,,"Pictured here as a member of the Boston Braves, Hank Gowdy (1889–1966) was a catcher and first baseman in the major leagues with the New York Giants and Braves. He played with each team two different times in 1910 and 1930. He was a member of the 1914 World Series champion Braves, batting a clutch .545 in the series, and hitting the only home run. Known as a strong defensive catcher, Gowdy hit .270 in his career, and had 322 runs batted in. He became the first big league player to enlist in World War I and, as a member of the 166th Infantry Regiment of the Ohio National Guard, was involved in the brutal trench warfare in France. After his playing career, Gowdy coached with three different teams in the majors. He enlisted in World War II, and was commissioned a major in the United States Army. He received votes in 17 years for induction into the Baseball Hall of Fame, but was never inducted.",NEA Collection,,,https://cdm16014.contentdm.oclc.org/iiif/2/p4014coll27:266/full/full/0/default.jpg
267,"Hooper, Bob 1955",1955,1955,,"Pictured here in a Cleveland Indians uniform, Bob Hooper (1922-1980) pitched with the Philadelphia Athletics, the Indians, and the Cincinnati Redlegs in his major league career (1950-1955). The Learnington, Ontario native won 15 games with the last-place Athletics in his rookie year. Later in his career, the right-hander became a relief pitcher. His career win-loss record was 40-41, with an ERA of 4.80. After his playing days, Hooper managed Baltimore Orioles’ farm teams, and did some scouting for the New York Mets.",NEA Collection,,,https://cdm16014.contentdm.oclc.org/iiif/2/p4014coll27:267/full/full/0/default.jpg
268,"Houtteman, Art 1957",1957,1957,,"Pictured here in a Cleveland Indians uniform, Art Houtteman (1927-2003) played 12 seasons in Major League Baseball with the Indians, Detroit Tigers and Baltimore Orioles. His career win-loss record was 87-91. He had 14 shutouts and 78 complete games. The right-hander went to spring training with the Tigers in 1945 at the age of 17. Houtteman was a member of the American League all-star team in 1950, when he won 19 regular season games for the Tigers.",Cleveland Public Library Digital Gallery,,,https://cdm16014.contentdm.oclc.org/iiif/2/p4014coll27:268/full/full/0/default.jpg
269,"Kennedy, Bob 1950",1950,1950,"Somers, Arthur A.","Pictured in a Cleveland Indians uniform, Bob Kennedy (1920-2005) played with five teams in a major league career that spanned 1939-1957, minus three years in which he served in the military in World War II. As a member of the Indians in 1948-1954, the third baseman/outfielder was part of the team’s last World Series championship in 1948. He played 10 years in different stints with the Chicago White Sox. A career .254 batter, Kennedy hit 63 home runs and drove in 514 runs. In 1950, his best offensive season, he batted .291 and had 157 hits. Following his playing days, Bob Kennedy managed the Chicago Cubs and Oakland Athletics.",NEA Collection,,,https://cdm16014.contentdm.oclc.org/iiif/2/p4014coll27:269/full/full/0/default.jpg
270,"McGraw, John 1916","July 27, 1916",1916,Underwood & Underwood,"Shown left to right: manager of the New York Giants, John McGraw; Giants infielder and ex-player/manager of the Cincinnati Reds, Buck Herzog; and current manager of the Reds, Christy Mathewson. The photo was taken at the Polo Grounds, and marked Mathewson's first appearance there as the Reds' manager. John McGraw (1873-1934) was an outstanding dead-ball era player, and one of Major League Baseball's great managers. He played with the Baltimore Orioles, St. Louis Cardinals and the Giants in 1891-1906, although actually playing very little after 1902. McGraw had a lifetime batting average of .334, with 436 stolen bases, and a .466 on-base percentage. The fiery infielder combined bat control, speed and intelligence to become a feared leadoff hitter, batting over .320 nine straight times, and leading the National League in runs and walks twice. As a manager, he led the Giants to World Series championships in 1905, 1921 and 1922, and was on 10 pennant winners. His career managerial record was 2,763 wins and 1,948 losses, ranking him second in wins behind Connie Mack. John McGraw was inducted into the Baseball Hall of Fame in 1937.",NEA Collection,,,https://cdm16014.contentdm.oclc.org/iiif/2/p4014coll27:270/full/full/0/default.jpg
271,"McGraw, John 1918",1918,1918,,"Pictured here as manager of the New York Giants, John McGraw (1873-1934) was an outstanding dead-ball era player, and one of Major League Baseball's great managers. He played with the Baltimore Orioles, St. Louis Cardinals and the Giants in 1891-1906, although actually playing very little after 1902. McGraw had a lifetime batting average of .334, with 436 stolen bases, and a .466 on-base percentage. The fiery infielder combined bat control, speed and intelligence to become a feared leadoff hitter, batting over .320 nine straight times, and leading the National League in runs and walks twice. As a manager, he led the Giants to World Series championships in 1905, 1921 and 1922, and was on 10 pennant winners. His career managerial record was 2,763 wins and 1,948 losses, ranking him second in wins behind Connie Mack. John McGraw was inducted into the Baseball Hall of Fame in 1937.",NEA Collection,,,https://cdm16014.contentdm.oclc.org/iiif/2/p4014coll27:271/full/full/0/default.jpg
272,"Mossi, Don 1958",1958,1958,,"Pictured here in a Cleveland Indians uniform, Don Mossi (1929- ) pitched with four American League teams in his career (1954-1965), including the Indians in 1954-1958. The lefty control pitcher had a career earned run average of 3.43, with 101 wins, and 50 saves. As a member of the Detroit Tigers in 1961, he posted a win-loss record of 15-7, and had a 2.96 ERA. Mossi made the American League all-star team in 1957. His career fielding percentage was an outstanding .990.",Cleveland Public Library Digital Gallery,,,https://cdm16014.contentdm.oclc.org/iiif/2/p4014coll27:272/full/full/0/default.jpg
273,"Naragon, Hal 1954",1954,1954,"Knipper, Clayton","Hal Naragon (1928- ) had a 10-year major league career as a catcher. The Zanesville, Ohio native played with the Cleveland Indians in 1951 and 1954-1959, and was a member of the 1954 team, which lost the World Series to the New York Giants. In 1952-1953, he served in the Marines. Naragon also played with the Washington Senators/Minnesota Twins (1959-1962). He hit .266 in his career, with 262 hits and 87 runs batted in. After his playing days, Hal Naragon was a bullpen coach with the Twins, as well as with the 1968 World Series champion Detroit Tigers.",NEA Collection,,,https://cdm16014.contentdm.oclc.org/iiif/2/p4014coll27:273/full/full/0/default.jpg
274,"Plank, Edward 1913","October 8, 1913",1913,Underwood & Underwood,"Edward (Eddie) Plank (1875-1926) is pictured here in his Philadelphia Athletics uniform warming up before the second game of the 1913 World Series. Plank pitched with three teams in a 17-year major league career. As a member of the Athletics (1901-1914), he was part of three World Series championships, and was the winning pitcher in the deciding game of the 1913 series against the New York Giants. The deadball era ace had a career win-loss record of 326-194, with an earned run average of 2.35 and 2,246 strikeouts. He posted 20 or more wins in eight seasons, and threw 66 shutouts. In 1915, he won 21 games pitching with the Federal League’s St. Louis Terriers. In his last start in 1917, while with the St. Louis Browns, the southpaw pitched against Walter Johnson, losing 1-0 in 11 innings. Eddie Plank was inducted into the Baseball Hall of Fame in 1946.",NEA Collection,,,https://cdm16014.contentdm.oclc.org/iiif/2/p4014coll27:274/full/full/0/default.jpg
275,"Strickland, George 1954",1954,1954,"Bottomer, Fred","Pictured in a Cleveland Indians uniform at the batting cage, George Strickland (1926-2010) played with the Pittsburgh Pirates (1950-1952) and Indians (1952-1957, 1959-1960) in his 10-year big league career. A lifetime .224 hitter, Strickland batted a career best .284 in his first full season with the Indians in 1953. His .976 fielding percentage in 1955 led all major league shortstops. After his playing days, George Strickland worked as a scout, third base coach and interim manager for the Indians. He also coached with the Minnesota Twins and Kansas City Royals.",NEA Collection,,,https://cdm16014.contentdm.oclc.org/iiif/2/p4014coll27:275/full/full/0/default.jpg
276,"Wynn, Early 1954",1954,1954,"Knipper, Clayton","Shown here at Muncipal Stadium in his Cleveland Indians uniform, Early Wynn (1920-1999) was one of the American League’s top pitchers in his 23-year career. He played with the Washington Senators, the Indians (1949-1957), and the Chicago White Sox. The eight-time all-star right-hander had a career win-loss record of 300-244, with 2,334 strikeouts and an ERA of 3.54. Known as an intimidating presence on the mound, Wynn was the Cy Young winner in 1959, posting 22 wins that year with an earned run average of 3.17. He was inducted into the Baseball Hall of Fame in 1972.",NEA Collection,,,https://cdm16014.contentdm.oclc.org/iiif/2/p4014coll27:276/full/full/0/default.jpg
277,"Newhouser, Hall 1954",1954,1954,,"Pictured in a Cleveland Indians uniform, Hal Newhouser (1921-1998) was an American League pitcher with the Detroit Tigers (1939-1953), and the Indians (1954-1955). His career win-loss record was 207-150; his earned run average was 3.06. He won the American League MVP awards in 1944 and 1945. In the latter year, he led the league in wins with 25, strikeouts (212) and earned run average (1.81). Also in 1945, his Tigers were World Series champions. He was the winning pitcher in two of those games. The seven-time all-star was inducted into the Baseball Hall of Fame in 1992.",Cleveland Public Library Digital Gallery,,,https://cdm16014.contentdm.oclc.org/iiif/2/p4014coll27:277/full/full/0/default.jpg
306,"BB-Cicotte, Edward",,,,"Edward Cicotte (1884–1969) pitched for the Chicago White Sox, Detroit Tigers, and Boston Red Sox in his 14 years in the major leagues. Nicknamed ""Knuckles,"" the knuckleballer won 209 games and lost 148 in his career, posting a 2.38 earned run average. He had 28 wins in 1917, and 29 in 1919. Due to his alleged participation in the Black Sox scandal in the 1919 World Series, Cicotte was one of eight players to receive a lifetime ban from professional baseball.",Baseball (BB) Collection,,,https://cdm16014.contentdm.oclc.org/iiif/2/p4014coll27:306/full/full/0/default.jpg
307,"P-Kerr, Dickey",1925,1925,,"Dickey Kerr (1893-1963) pitched for the Chicago White Sox in 1919-1921. He had 13 wins as a rookie. He won 21 and 19 games, respectively, in the next two years. He won both his starts in the 1919 World Series. Eight of his teammates received permanent suspensions for conspiring to fix the series, but Dickey was known as one of the White Sox who played honestly. After a contract disagreement, he quit major league baseball in 1922, and was put on the permanent ineligible list. He was reinstated in 1925 and attempted a comeback with the White Sox, pitching mainly out of the bullpen. His career won-loss record was 53-34.",NEA Collection,,,https://cdm16014.contentdm.oclc.org/iiif/2/p4014coll27:307/full/full/0/default.jpg
308,"BB-Cobb, Ty",1918,1918,Underwood & Underwood,"Shown here in his United State Army uniform, Tyrus ""Ty"" Cobb (1886–1961) was a major league outfielder who played 22 seasons with the Detroit Tigers (1905-1926), including the last six as a player-manager. He finished his career with the Philadelphia Athletics in 1927-1928. The Georgia native, known as the “Georgia Peach,” had a career batting average of .366, with 4,189 hits, and 897 stolen bases, according to baseball-reference.com. Cobb was known for his surly demeanor and aggressive playing style, and had a propensity for sliding into bases with spikes high. Among his many individual accomplishments, he won 12 batting titles, was the American League most valuable player in 1911, stole home 54 times in his career, and hit .400 or better three times. He served as a captain in the army in 1918. Ty Cobb was a first-ballot hall-of-famer in 1936, receiving 98.2% of the vote. ",Baseball (BB) Collection,,,https://cdm16014.contentdm.oclc.org/iiif/2/p4014coll27:308/full/full/0/default.jpg
309,"BB-Gandil, Charles",,,,"Charles ""Chick"" Gandil (1888–1970) played first base for three American League teams in his major league career: the Washington Senators, Cleveland Indians, and Chicago White Sox. He was part of the 1917 White Sox World Series championship team. He was also the ringleader of the 1919 Black Sox scandal, the conspiracy to fix the 1919 World Series. Gandil made the key contact with the gambling outfit that paid off the eight players allegedly involved in throwing the series and, ultimately, being banned from baseball for life by Commissioner Landis. Separate of the scandal, his on-field performance as a major leaguer included leading the American League four times in fielding percentage as a first baseman. He batted .277 lifetime. ",Baseball (BB) Collection,,,https://cdm16014.contentdm.oclc.org/iiif/2/p4014coll27:309/full/full/0/default.jpg
310,"BB-Risberg, Charles",1927,1927,,"Charles “Swede” Risberg  (1894–1975) was a Major League Baseball shortstop. He played for the Chicago White Sox in 1917-1920, and was  member of the World Series champion White Sox in 1917. He was one of the ringleaders of the 1919 World Series Black Sox scandal, convincing some of his teammates to conspire to fix the series. Known as an outstanding fielder, Risberg made eight errors in the series, and had only two hits in 25 at-bats. He received a lifetime ban from major league baseball for his role in the fix. He continued to play semi-pro baseball for the next decade.",Baseball (BB) Collection,,,https://cdm16014.contentdm.oclc.org/iiif/2/p4014coll27:310/full/full/0/default.jpg
311,"BB-Wambsganss, William",,,,"Shown here as a member of the Cleveland Indians, William Wambsganss (1894–1985) was a major league second baseman who played 10 years with the Indians, and later with Boston Red Sox, and Philadelphia Athletics in a 13-year career (1914-1926). The Cleveland, Ohio native hit .259 in 1,492 games, batting in 519 runs. He had only 375 errors in 8,064 chances in his career, posting a fielding percentage of .954. His best hitting season was the .295 he posted in 1918. He hit .290 in 1923, his last season with the Indians. In game five of the World Series in 1920 at League Park, “Wamby” turned the only unassisted triple play in World Series history. He died in Lakewood, Ohio in 1985 and was buried at Cavalry Cemetery in Cleveland. ",Baseball (BB) Collection ,,,https://cdm16014.contentdm.oclc.org/iiif/2/p4014coll27:311/full/full/0/default.jpg
312,"P-Chase, Harold",1919,1919,,"Harold (Hal) Chase (1883-1947) played first base in his five-team, 14-year major league career, which included a 1905-1913 stretch with the New York Highlanders/Yankees. “Prince Hal” was a strong fielding first baseman, and posted a .291 career average, batting in 941 runs and stealing 363 bases. In 1916, as a member of the Cincinnati Reds, he led the National League in hitting with a .339 batting average. His stellar on-field play was offset by numerous allegations in his career regarding gambling on baseball and throwing games. ",NEA Collection,,,https://cdm16014.contentdm.oclc.org/iiif/2/p4014coll27:312/full/full/0/default.jpg
313,Larry Doby,,,,"Shown batting as a member of the Cleveland Indians, Larry Doby (1923-2003) was the first African-American player in the American League, making his debut with the Indians in July 1947. Doby and teammate Satchel Paige were the first African-American players to win a World Series championship, helping the Indians prevail in 1948. Also in that year, his first as the team's full-time centerfielder, Doby batted .301. During his career (1947-1959), he made the all-star team seven consecutive years, and hit 20 or more home runs in eight straight years, including 32 each in 1952 and 1954, when he led the American League. Larry Doby was inducted into the Baseball Hall of Fame in 1998.",Portrait & Biography Collection,,,https://cdm16014.contentdm.oclc.org/iiif/2/p4014coll27:313/full/full/0/default.jpg
314,"P-Felsch, Oscar",1920,1920,,"Oscar ""Happy"" Felsch (1891–1964) played centerfield for the Chicago White Sox in 1915-1920. A lifetime .293 hitter, he was a member of the World Series champion White Sox in 1917, batting in 102 runs that year. He was one of the eight players involved in the 1919 World Series Black Sox scandal, in which the players allegedly received payments from gamblers to throw the series. During the series, Felsch hit poorly and misplayed fly balls in center field, as the White Sox lost the series five games to three. ",NEA Collection,,,https://cdm16014.contentdm.oclc.org/iiif/2/p4014coll27:314/full/full/0/default.jpg
315,"P-Gleason, William",1921,1921,,"Pictured here as the Chicago White Sox manager, William J. ""Kid"" Gleason (1866–1933) played for seven teams in the majors in 1888-1912 as a second baseman and pitcher. He managed the White Sox in 1919-1923. During his playing career, Gleason compiled 138 wins and 131 losses, and had four 20-win seasons. He batted .261 lifetime, with 1,946 hits and 824 RBI, hitting .300+ in three seasons. As a player, Gleason was a member of National League pennant winners in 1894 and 1895 with the Philadelphia Quakers. Gleason managed the Chicago White Sox in 1919-1923, and was the team’s manager in the 1919 World Series when the Black Sox Scandal took place. He was not involved in the alleged fix. After leaving the White Sox, Gleason was on the coaching staff for the Philadelphia Athletics until 1931.",NEA Collection,,,https://cdm16014.contentdm.oclc.org/iiif/2/p4014coll27:315/full/full/0/default.jpg
316,"P-Jackson, Joe (Shoeless)",1918,1918,,"Pictured here as a member of the Chicago White Sox, Shoeless Joe Jackson (1887-1951) was an outfielder with the Philadelphia Athletics, Cleveland Naps/Indians and White Sox in his 1908-1920 major league career. He was one of the all-time great hitters, batting .356 lifetime, with 1,772 hits and 785 runs batted in. As a rookie, he hit .408 with the A’s. Jackson was a member of the 1917 World Series champion White Sox. He is also known for his association with the Black Sox Scandal, in which some members of the 1919 White Sox conspired to fix the World Series, which the White Sox lost five games to three. Jackson was banned from Major League Baseball after the 1920 season by commissioner Kenesaw Mountain Landis. Jackson’s alleged guilt in the fix has been the subject of dispute over the years. In 1999, the The Sporting News' list of the 100 Greatest Baseball Players had him rated as number 35.",NEA Collection,,,https://cdm16014.contentdm.oclc.org/iiif/2/p4014coll27:316/full/full/0/default.jpg
317,S-Cleveland-Sports-Baseball-Teams-Cleveland-Indians-1,"April 7, 1975",1975,"Dorksen, Robert E.","Left to right, the Cleveland Indians starting lineup for opening day in 1975: Oscar Gamble (LF), Frank Robinson (DH) George Hendrick (CF), Charlie Spikes (RF), Boog Powell (1B), John Ellis (C), Buddy Bell (3B), Jack Brohamer (2B), Ed Crosby (SS). Frank Duffy, the team's other shortstop, is to the right of Crosby. The unidentifiable player at the far right is probably starting pitcher Gaylord Perry. ",Cleveland Public Library Digital Gallery,,,https://cdm16014.contentdm.oclc.org/iiif/2/p4014coll27:317/full/full/0/default.jpg
318,S-Cleveland-Sports-Baseball-Teams-Cleveland-Indians-2,"July 17, 1974",1974,"Dorksen, Robert E.","Cleveland Indians' righthander Dick Bosman (1994-) is mobbed by teammates and fans after throwing a no-hitter against the Oakland Athletics on July 19, 1974. Bosman played for four American League teams in his career, including the Indians in 1973-75. His career win-loss record was 82-85, with a 3.67 earned run average. As a member of the Washington Senators, he posted a league-leading ERA of 2.19 in 1969. ",Cleveland Public Library Digital Gallery,,,https://cdm16014.contentdm.oclc.org/iiif/2/p4014coll27:318/full/full/0/default.jpg
319,S-Cleveland-Sports-Baseball-Teams-Cleveland-Indians-3,"March 11, 1965",1965,"Matjasic, Ray","Left to right, Cleveland Indians starting pitchers in 1965: Luis Tiant, who posted a win-loss record of 11-11, Ralph Terry (11-6), Jack Kralick (5-11), & Sam McDowell (17-11), according to baseball-reference.com. The team's other starter, Sonny Siebert, had a win-loss record of 16-8. As a team, the Indians won 87 games and lost 75.",Cleveland Public Library Digital Gallery,,,https://cdm16014.contentdm.oclc.org/iiif/2/p4014coll27:319/full/full/0/default.jpg
320,S-Cleveland-Sports-Baseball-Teams-Cleveland-Indians-4,"April 19, 1965",1965,"Matjasic, Ray","Left to right, Cleveland Indians starters for home opener: Dick Howser (SS), Chuck Hinton (1B), Leon Wagner (LF), Rocky Colavito (RF), Max Alvis (3B), Vic Davalillo (CF), Larry Brown (2B), Joe Azcue or Camilo Carreon (catchers). ",Cleveland Public Library Digital Gallery,,,https://cdm16014.contentdm.oclc.org/iiif/2/p4014coll27:320/full/full/0/default.jpg
321,"Cleveland Indians, 1948",1948,1948,,"The photograph depicts the Cleveland Indians during the 1948 season. Pictured from left to right are: Thurman Tucker, Larry Doby, Lou Boudreau, Joe Gordon, Allie Clark, Eddie Robinson, Ken Keltner, Jim Hegan, and ace pitcher Bob Feller.The photograph is a copy made in 1974 for the Plain Dealer by Charles Harris.",Subject Cleveland Collection,,,https://cdm16014.contentdm.oclc.org/iiif/2/p4014coll27:321/full/full/0/default.jpg
322,S-Cleveland-Sports-Baseball-Teams-Cleveland-Indians-6,"April 7, 1971",1971,"Ashbolt, William A.","Left to right, Cleveland Indians 1971 starting lineup: Larry Brown, ss, Craig Nettles, 3b, Vada Pinson, rf, Ray Fosse, c, Ken Harrelson, 1b, Roy Foster, lf, Ted Uhlaender, cf, Eddie Leon, 2b. Starting pitcher Sam McDowell was absent from the photo because of a death in the family.",Cleveland Public Library Digital Gallery,,,https://cdm16014.contentdm.oclc.org/iiif/2/p4014coll27:322/full/full/0/default.jpg
323,S-Cleve-Bldgs-Dunn Field 01,,,,"In 1916, the Cleveland Indians' new team owner, 'Sunny Jim' Dunn, renamed the ballpark from League Park to Dunn Field. When Dunn died in 1922, his widow inherited the ballpark and the team. She sold the franchise in 1927, and the field became League Park again, according to Wikipedia.",NEA Collection,,,https://cdm16014.contentdm.oclc.org/iiif/2/p4014coll27:323/full/full/0/default.jpg
324,S-Cleve-Bldgs-Dunn Field 02,,,,"In 1916, the Cleveland Indians' new team owner, 'Sunny Jim' Dunn, renamed the ballpark from League Park to Dunn Field. When Dunn died in 1922, his widow inherited the ballpark and the team. She sold the franchise in 1927, and the field became League Park again, according to Wikipedia.",NEA Collection,,,https://cdm16014.contentdm.oclc.org/iiif/2/p4014coll27:324/full/full/0/default.jpg
325,"P-Feller, Bob 1",,,,,Cleveland Public Library Digital Gallery,,,https://cdm16014.contentdm.oclc.org/iiif/2/p4014coll27:325/full/full/0/default.jpg
326,"P-Feller, Bob 2",,,,,Cleveland Public Library Digital Gallery,,,https://cdm16014.contentdm.oclc.org/iiif/2/p4014coll27:326/full/full/0/default.jpg
327,"P-Grove, Lefty",,,,,Cleveland Public Library Digital Gallery,,,https://cdm16014.contentdm.oclc.org/iiif/2/p4014coll27:327/full/full/0/default.jpg
328,"P-Koufax, Sanford",,,,,Cleveland Public Library Digital Gallery,,,https://cdm16014.contentdm.oclc.org/iiif/2/p4014coll27:328/full/full/0/default.jpg
329,"Leroy (Satchel) Paige, 1971",1971,1971,,The photograph depicts Leroy (Satchel) Paige at his induction into the Baseball Hall of Fame. Paige played for the Cleveland Indians in 1948 and 1949.,Portrait & Biography Collection,,,https://cdm16014.contentdm.oclc.org/iiif/2/p4014coll27:329/full/full/0/default.jpg
330,"P-Thorpe, Jim (Family)",,,,,Cleveland Public Library Digital Gallery,,,https://cdm16014.contentdm.oclc.org/iiif/2/p4014coll27:330/full/full/0/default.jpg
359,"P-Mails, Walter-2",,,,"Shown here in his throwing motion as a member of the Cleveland Indians, left-handed pitcher John Walter 'Duster' Mails (1894–1974) pitched for three teams in his major league career: the Brooklyn Robins (1915–16), the Indians (1920–22), and St. Louis Cardinals (1925–26). He was on pennant winners in 1916, 1920 and 1926. In the 1920 World Series, he pitched a 1-0 complete game shutout of Brooklyn in Game 6. He also pitched 6.2 innings of relief in Game 3, giving up no runs. Mails' career record was 32 wins and 25 losses, with an ERA of 4.10, according to Wikipedia.",NEA Collection ,,,https://cdm16014.contentdm.oclc.org/iiif/2/p4014coll27:359/full/full/0/default.jpg
360,"P-Marquard, Richard-1",,,,"Richard William ""Rube"" Marquard (1886–1980) was a left-handed pitcher in a Major League Baseball career that spanned the years 1908-25.  He pitched with the New York Giants (1908-15), Brooklyn Robins (1915-20), Cincinnati Reds (1921), and Boston Braves (1922-25). His career win-loss record was 201-177, with a 3.08 E.R.A. Marquard was a member of 5 National League pennant winners, in 1911, 1912, 1913, 1915 and 1920.  He was inducted into the Baseball Hall of Fame in 1971.",NEA Collection,,,https://cdm16014.contentdm.oclc.org/iiif/2/p4014coll27:360/full/full/0/default.jpg
361,"P-Mails, Walter-1",,,,"Left-handed pitcher John Walter 'Duster' Mails (1894–1974) pitched for three teams in his major league career: the Brooklyn Robins (1915–16), Cleveland Indians (1920–22), and St. Louis Cardinals (1925–26). He was on pennant winners in 1916, 1920 and 1926. In the 1920 World Series, he pitched a 1-0 complete game shutout of Brooklyn in Game 6. He also pitched 6.2 innings of relief in Game 3, giving up no runs. Mails' career record was 32 wins and 25 losses, with an ERA of 4.10, according to Wikipedia.",Cleveland Public Library Digital Gallery,,,https://cdm16014.contentdm.oclc.org/iiif/2/p4014coll27:361/full/full/0/default.jpg
362,"P-Sewell, Joe-1",,,,"Shown here in a New York Yankees uniform, Joe Sewell (1898–1990) was a shortstop with the Cleveland Indians (1920-30) and Yankees (1931-33). He was elected to the Baseball Hall of Fame in 1977. Sewell struck out only 114 times in 7,132 career at-bats for an average of one strikeout every 62.5 at-bats, according to Wikipedia. In 1932, he struck out only three times. Over his career, he batted .312 with 1,141 runs and 1,055 RBI. He hit 49 home runs and had a .391 on-base percentage. He was a World Series champion on 1920 and 1932.",NEA Collection,,,https://cdm16014.contentdm.oclc.org/iiif/2/p4014coll27:362/full/full/0/default.jpg
363,"P-Speaker, Tris-2",,,"Conlon, Charles M.","Shown here as a member of the Cleveland Indians, throwing from the outfield, Tristram E. (Tris) Speaker (1888–1958) excelled as both an offensive and defensive player in his long Major League Baseball career. The center fielder holds the major league record for assists, with 449. He hit .345 over his career, ranking sixth all-time. His 3,515 hits are fifth best, and his 792 doubles are tops in that category. Speaker played for the Boston Americans/Red Sox (1907-15), the Indians (1916-26, Washington Senators (1927), and Philadelphia Athletics (1928). He was a World Series champion three times: in 1912, 1915 and 1920. In 1912, he was the American League MVP, batting .383. Speaker was also a manager, holding that position with the Indians in 1919-26. He was inducted into the National Baseball Hall of Fame in 1937, according to Wikipedia.",NEA Collection,,,https://cdm16014.contentdm.oclc.org/iiif/2/p4014coll27:363/full/full/0/default.jpg
364,"P-Sewell, Joe-2",,,,"Shown here in a Cleveland Indians uniform, Joe Sewell (1898–1990) was a shortstop with the Indians (1920-30) and New York Yankees (1931-33). He was elected to the Baseball Hall of Fame in 1977. Sewell struck out only 114 times in 7,132 career at-bats for an average of one strikeout every 62.5 at-bats, according to Wikipedia. In 1932, he struck out only three times.  Over his career, he batted .312 with 1,141 runs and 1,055 RBI. He hit 49 home runs and had a .391 on-base percentage. He was a World Series champion on 1920 and 1932.",NEA Collection,,,https://cdm16014.contentdm.oclc.org/iiif/2/p4014coll27:364/full/full/0/default.jpg
365,"S-Cleveland-Chapman, Raymond Johnson (Grave)",1961,1961,"Greene, Marvin M.","The Lake View Cemetery grave site of Cleveland Indians shortstop Ray Chapman is pictured. According to the Plain Dealer, ""Chapman was the Indians' brilliant shortstop who was hit in the left temple by a pitched ball thrown by Carl Mays in an Indians-Yankees game at the Polo Grounds on Aug. 16, 1920."" Surgery was performed on Chapman later that night and he died the next morning. His death led Major League Baseball to establish a rule requiring umpires to replace the ball whenever it became dirty. It was thought that Chapman never saw the earthen-colored ball that hit him. His death was also partially the reason why the spitball was banned after the 1920 season. Batting helmets were not required in Major League Baseball until more than 30 years later. Chapman played his whole career (1912-20) with the Indians.",Cleveland Public Library Digital Gallery,,,https://cdm16014.contentdm.oclc.org/iiif/2/p4014coll27:365/full/full/0/default.jpg
366,"Letter from Martin Stone to Jackie Robinson, May 14, 1963","May 14, 1963",1963,,Copy of unsigned typed letter from Martin Stone to Jackie Robinson. Re: Congratulations on election to board of directors of Lennox Hill Hospital.,Cleveland Public Library Digital Gallery,,,https://cdm16014.contentdm.oclc.org/iiif/2/p4014coll27:366/full/full/0/default.jpg
367,"Letter from Jackie Robinson to Martin Stone, May 15, 1963","May 15, 1963",1963,,"Typed signed letter from Jackie Robinson to Martin Stone. Re: Hill Hospital Board appointment, with handwritten note: “Acknowledging note I / sent for you re. his / Lennox Hill /Hospital / appointment”.",Cleveland Public Library Digital Gallery,,,https://cdm16014.contentdm.oclc.org/iiif/2/p4014coll27:367/full/full/0/default.jpg
368,"Memo from Margaret W. Evans to Martin Stone, June 13, 1963","June 13, 1963",1963,,"Unsigned, typed memo from Margaret W. Evans to Martin Stone. Re: Conversation with Miss Haig about Jackie Robinson’s acceptance of Fair Directorship.",Cleveland Public Library Digital Gallery,,,https://cdm16014.contentdm.oclc.org/iiif/2/p4014coll27:368/full/full/0/default.jpg
369,"Letter to Jackie Robinson from Jack Robinson, May 13, 1963","May 13, 1963",1963,,"Copy of unsigned typed letter to Jackie Robinson stapled to a copy of a New York Times article about the negro Carver Federal S&L opening a branch in a non-negro neighborhood. Re: Encouragement to Jackie Robinson to reconsider banking and insurance as business opportunities, and asking whether Jackie Robinson had accepted the World’s Fair Directorship.",Cleveland Public Library Digital Gallery,,,https://cdm16014.contentdm.oclc.org/iiif/2/p4014coll27:369/full/full/0/default.jpg
370,"Letter from Margaret W. Evans to Jackie Robinson, June 28, 1963","June 28, 1963",1963,,Copy of unsigned typed letter from Margaret W. Evans to Jackie Robinson. Re: Martin Stone check for $110.00 to pay for NAACP benefit tickets.,Cleveland Public Library Digital Gallery,,,https://cdm16014.contentdm.oclc.org/iiif/2/p4014coll27:370/full/full/0/default.jpg
371,"Memo to Gene on NY World’s Fair Stationery from the Office of Marcia McManus, Undated",,,,Unsigned handwritten memo to Gene on NY World’s Fair stationery from the office of Marcia McManus. Re: $110.00 check to Southern Christian Leadership Conference to be sent to Jackie Robinson.,Cleveland Public Library Digital Gallery,,,https://cdm16014.contentdm.oclc.org/iiif/2/p4014coll27:371/full/full/0/default.jpg
372,"Unsigned Typed Draft of ""A Program for Racial Unity of the American People"", November 1963",November 1963,1963,,"Unsigned typed draft of a A Program for Racial Unity of the American People  [ Jackie Robinson; Alfred Ducket]. Re: Jackie Robinson’s concerns about a reactionary backlash to civil unrest and August 28, 1963 peace march, and a proposal to increase dialog by establishing a national, non-partisan Council for American Unity.
 ",Cleveland Public Library Digital Gallery,,,https://cdm16014.contentdm.oclc.org/iiif/2/p4014coll27:372/full/full/0/default.jpg
373,"Letter from Elinor Rickley to Rachel Robinson, August 14, 1963","August 14, 1963",1963,,Copy of unsigned typed letter from Elinor Rickey to Rachel Robinson. Re: Martin Stone’s check for $250.00 pledge to Southern Christian Leadership Conference.,Cleveland Public Library Digital Gallery,,,https://cdm16014.contentdm.oclc.org/iiif/2/p4014coll27:373/full/full/0/default.jpg
374,"Letter from Harold A. Segall to Martin Stone, February 21, 1964","February 21, 1964",1964,,Typed signed letter from Harold A. Segall to Martin Stone. Re: Possible future ventures with Jackie Robinson. ,Cleveland Public Library Digital Gallery,,,https://cdm16014.contentdm.oclc.org/iiif/2/p4014coll27:374/full/full/0/default.jpg
375,"Letter from Martin Stone to Harold A Segall, February 3, 1964","February 3, 1964",1964,,Copy of unsigned typed letter from Martin Stone to Harold A Segall. Re: Harold A Segall’s taking a stake in  Jackie Robinson’s future ventures in lieu of fees.,Cleveland Public Library Digital Gallery,,,https://cdm16014.contentdm.oclc.org/iiif/2/p4014coll27:375/full/full/0/default.jpg
376,"Copy Broadcasting Article, February 17, 1964","February 17, 1964",1964,,"Undated copy of February 17, 1964 article from Broadcasting profiling Dan Seymour with a handwritten note from Martin Stone: “—and devoted/frend [sic] of the New York World’s Fair./Martin Stone”.",Cleveland Public Library Digital Gallery,,,https://cdm16014.contentdm.oclc.org/iiif/2/p4014coll27:376/full/full/0/default.jpg
377,"Copy of New York Herald Tribune Article, August 7, 1964","August 7, 1964",1964,,"Copy of August 7, 1964 New York Herald Tribune article with a handwritten note from Martin Stone to  Jackie Robinson: “Jack / Attaboy!  We’re with you; / Marty”.",Cleveland Public Library Digital Gallery,,,https://cdm16014.contentdm.oclc.org/iiif/2/p4014coll27:377/full/full/0/default.jpg
378,"Letter from Martin Stone to Jackie Robinson, August 27, 1965","August 27, 1965",1965,,"Copy of unsigned typed letter from Martin Stone to Jackie Robinson. Re: Friday, August 7, 1964 article in New York Herald Tribune “A Goldwater-Jackie Robinson Breakfast? It’s Like This”.",Cleveland Public Library Digital Gallery,,,https://cdm16014.contentdm.oclc.org/iiif/2/p4014coll27:378/full/full/0/default.jpg
379,Unsigned Typed Copy of “Los Angeles – And Beyond / Where Do We Go From Here?” by Jackie Robinson,,,,"Unsigned typed copy of “Los Angeles – And Beyond / Where Do We Go From Here?” by Jackie Robinson. Re: Response to August, 1965 Watts riots.",Cleveland Public Library Digital Gallery,,,https://cdm16014.contentdm.oclc.org/iiif/2/p4014coll27:379/full/full/0/default.jpg
380,"Letter from Martin Stone to Jackie Robinson, January 4, 1966","January 4, 1966",1966,,Unsigned copy of typed letter from Martin Stone to Jackie Robinson. Re: Norman Stone contacting Bill Heineman at United Artists for a copy of  Jackie Robinson’s Eagle-Lion Pictures contract.,Cleveland Public Library Digital Gallery,,,https://cdm16014.contentdm.oclc.org/iiif/2/p4014coll27:380/full/full/0/default.jpg
381,"Letter from Martin Stone to Herbert Jacobi, esq, January 31, 1966","January 31, 1966",1966,,"Unsigned copy of typed letter from Martin Stone to Herbert Jacobi, Esq.. Re: Branch Rickey-Jackie Robinson movie idea, Sidney Poitier, and  Jackie Robinson’s Eagle-Lion Pictures contract.",Cleveland Public Library Digital Gallery,,,https://cdm16014.contentdm.oclc.org/iiif/2/p4014coll27:381/full/full/0/default.jpg
382,"Letter from Jackie Robinson to William Heineman, Undated",,,,Unsigned copy of undated letter from Jackie Robinson to William Heineman. Re: Eagle-Lion Pictures contract and seeking a release to use his own life story material.,Cleveland Public Library Digital Gallery,,,https://cdm16014.contentdm.oclc.org/iiif/2/p4014coll27:382/full/full/0/default.jpg
383,"Letter from Martin Stone to Jackie Robinson, April 11, 1966","April 11, 1966",1966,,"Unsigned copy of typed letter from Martin Stone to Jackie Robinson. Re: WH and the Eagle-Lion Pictures contract, and the Branch Rickey-Jackie Robinson film idea with Sidney Poitier. ",Cleveland Public Library Digital Gallery,,,https://cdm16014.contentdm.oclc.org/iiif/2/p4014coll27:383/full/full/0/default.jpg
384,"Letter from Martin Stone to Harold Cohen, April 11, 1966","April 11, 1966",1966,,Unsigned copy of typed letter from Martin Stone to Harold Cohen. Re: Harold Cohen’s meeting with Milton Kayle and Martin Stone.,Cleveland Public Library Digital Gallery,,,https://cdm16014.contentdm.oclc.org/iiif/2/p4014coll27:384/full/full/0/default.jpg
385,"Memo to Martin Stone; Letter from Martin Stone to Jackie Robinson, March 3, 1966","March 3, 1966",1966,,"Unsigned typed memo to Martin Stone. Re: Jackie Robinson, Jackie Robinson’s office address, and a letter to William Heineman. Unsigned copy of typed letter from Martin Stone to Jackie Robinson. Re: Jackie Robinson’s stand on Bill Miller.",Cleveland Public Library Digital Gallery,,,https://cdm16014.contentdm.oclc.org/iiif/2/p4014coll27:385/full/full/0/default.jpg
386,"Letter from Jackie Robinson to William Heineman, May 6, 1966","May 6, 1966",1966,,"Typed signed letter from  Jackie Robinson to William Heineman, VP, United Artists Corporation. Re: Eagle-Lion Pictures contract and seeking a release to use his own life story material. Release signed May 9, 1966 by William Heineman.",Cleveland Public Library Digital Gallery,,,https://cdm16014.contentdm.oclc.org/iiif/2/p4014coll27:386/full/full/0/default.jpg
387,"Letter from Martin Stone(?) to Jackie Robinson, May 27, 1966","May 27, 1966; May 6, 1966",1966,,"Copy of unsigned typed letter from Martin Stone(?) to  Jackie Robinson. Re: Meeting with Sidney Poitier. Stapled to: May 6, 1966 copy of typed signed letter from  Jackie Robinson to William Heineman.",Cleveland Public Library Digital Gallery,,,https://cdm16014.contentdm.oclc.org/iiif/2/p4014coll27:387/full/full/0/default.jpg
388,"Draft of proposed letter from Jackie Robinson to Sidney Poitier, June 6, 1966","June 6, 1966",1966,,Unsigned draft of proposed letter from Jackie Robinson to Sidney Poitier. Re: Branch Rickey-Jackie Robinson film idea. On verso of page 3 is an unsigned typed memo to  Jackie Robinson.,Cleveland Public Library Digital Gallery,,,https://cdm16014.contentdm.oclc.org/iiif/2/p4014coll27:388/full/full/0/default.jpg
389,"Letter from Martin Stone to Jackie Robinson, July 7, 1966; Copy of Time article on Jackie Robinson ""Leading the League""","July 7, 1966",1966,,"Unsigned copy of typed letter from Martin Stone to Jackie Robinson. Re: Congratulations on July 8, 1966 Time article. Stapled to: Copy of July 8, 1966 Time article on Jackie Robinson “Leading the League”.",Cleveland Public Library Digital Gallery,,,https://cdm16014.contentdm.oclc.org/iiif/2/p4014coll27:389/full/full/0/default.jpg
390,"Letter from A. Lawrance Holmes to Martin Stone, July 18, 1966","July 18, 1966",1966,,"Typed signed letter from A. Lawrance Holmes, a book editor, to Martin Stone. Re: Approval to use  Jackie Robinson/Carl Rowan collaborative material in the 1966 Macmillan book Unforgettable Sport Stories.",Cleveland Public Library Digital Gallery,,,https://cdm16014.contentdm.oclc.org/iiif/2/p4014coll27:390/full/full/0/default.jpg
391,"Letter from Martin Stone to Jackie Robinson, July 28, 1966","July 28, 1966",1966,,Unsigned copy of typed letter from Martin Stone to Jackie Robinson. Re: Sidney Poitier.,Cleveland Public Library Digital Gallery,,,https://cdm16014.contentdm.oclc.org/iiif/2/p4014coll27:391/full/full/0/default.jpg
392,"Letter from Martin Stone to A. Lawrance Holmes, August 15, 1966","August 15, 1966",1966,,Unsigned copy of typed letter from Martin Stone to A. Lawrance Holmes. Re:  Jackie Robinson’s approval to use Jackie Robinson material in Unforgettable Sport Stories.,Cleveland Public Library Digital Gallery,,,https://cdm16014.contentdm.oclc.org/iiif/2/p4014coll27:392/full/full/0/default.jpg
393,"Letter from Lyden O. Pindling and Jeffrey M. Thompson to Jackie Robinson, October 4, 1966","October 4, 1966",1966,,"Copy of typed signed letter from Lyden O. Pindling and Jeffrey M. Thompson, both of the Progressive Liberal Party, a Bahamian opposition party, to Jackie Robinson. Re: an appeal for help in the Bahamian election process.",Cleveland Public Library Digital Gallery,,,https://cdm16014.contentdm.oclc.org/iiif/2/p4014coll27:393/full/full/0/default.jpg
394,"Daily News Article, February 24, 1967","February 24, 1967",1967,,"Daily News article: “The Passing Show” in Ed Sullivan’s “Little Old New York” column. Re: Jackie Robinson and his investigative trip to the Bahamas: “Tex McCrary says that ever since Jackie Robinson went to the Bahamas to investigate the wage and living conditions of Nassau Negroes, colonial Britishers have broadcast all sorts of slanderous stories about the ex-big leaguer. . . .”.",Cleveland Public Library Digital Gallery,,,https://cdm16014.contentdm.oclc.org/iiif/2/p4014coll27:394/full/full/0/default.jpg
395,"Letter from Robert Clurman to Martin Stone, March 28, 1968","March 28, 1968",1968,,Typed signed letter from Robert Clurman to Martin Stone. Re: Martin Stone’s criticism of New York Times story by Leonard Koppett about Jackie Robinson.,Cleveland Public Library Digital Gallery,,,https://cdm16014.contentdm.oclc.org/iiif/2/p4014coll27:395/full/full/0/default.jpg
396,"Memo from Leonard Koppett to Robert Clurman, March 28, 1968(?)","March 28, 1968",1968,,"Page 2 of a memo from Leonard Koppett to Robert Clurman. Re: New York Times story about Jackie Robinson. Originally stapled to March 28, 1968 typed signed letter.",Cleveland Public Library Digital Gallery,,,https://cdm16014.contentdm.oclc.org/iiif/2/p4014coll27:396/full/full/0/default.jpg
397,"Letter from VTY to Robert Clurman, Undated",,,,"Unsigned, corrected typed draft of letter from VTY to Robert Clurman. Re: New York Times story about Jackie Robinson with a handwritten note at top of front page: “Never sent”.",Cleveland Public Library Digital Gallery,,,https://cdm16014.contentdm.oclc.org/iiif/2/p4014coll27:397/full/full/0/default.jpg
398,"Letter from Jackie Robinson to Martin Stone, April 25, 1968","April 25, 1968",1968,,"Typed signed letter from Jackie Robinson to Martin Stone. Re: Letters Jackie sent to Leonard Koppet, reporter, and Bob Clurman of the New York Times.",Cleveland Public Library Digital Gallery,,,https://cdm16014.contentdm.oclc.org/iiif/2/p4014coll27:398/full/full/0/default.jpg
399,"Letter from Jackie Robinson to Leonard Koppett, April 25, 1968","April 25, 1968",1968,,Copy of unsigned typed letter from Jackie Robinson to Leonard Koppett. Re: New York Times story.,Cleveland Public Library Digital Gallery,,,https://cdm16014.contentdm.oclc.org/iiif/2/p4014coll27:399/full/full/0/default.jpg
400,"Letter from Jackie Robinson to Bob Clurman, April 25, 1968","April 25, 1968",1968,,Copy of unsigned typed letter from Jackie Robinson to Bob Clurman. Re: New York Times story.,Cleveland Public Library Digital Gallery,,,https://cdm16014.contentdm.oclc.org/iiif/2/p4014coll27:400/full/full/0/default.jpg
401,"Sport Magazine Program, December 6, 1971","December 6, 1971; December 8, 1971",1971,,"Program from Sport Magazine’s “25th Anniversary Top Performers Luncheon” on December 6th, 1971 at Mamma Leone’s Restaurant in New York City. Loose in the program: December 6, 1971 News release from Sport Magazine about the luncheon in which Jackie Robinson was honored as Sport Magazine’s “Man of the 25 Years.” And:  December 8, 1971 Copy of typed, unsigned letter from Martin Stone to Rachel Robinson. Re: the Sport Magazine luncheon.",Cleveland Public Library Digital Gallery,,,https://cdm16014.contentdm.oclc.org/iiif/2/p4014coll27:401/full/full/0/default.jpg
402,"Letter from Martin Stone to Rachel Robinson and  Jackie Robinson, June 2, 1972","June 2, 1972",1972,,Copy of unsigned typed letter from Martin Stone to Rachel Robinson and Jackie Robinson. Re: Dinner party the preceeding Sunday.,Cleveland Public Library Digital Gallery,,,https://cdm16014.contentdm.oclc.org/iiif/2/p4014coll27:402/full/full/0/default.jpg
403,"Jackie Robinson Funeral Service Program, October 27, 1972","October 27, 1972",1972,,"“In Memoriam”:  Jackie Robinson funeral service program at The Riverside Church, New York City including a biography, the order of service, and “Thoughts of Jack” by Marion B. Logan.",Cleveland Public Library Digital Gallery,,,https://cdm16014.contentdm.oclc.org/iiif/2/p4014coll27:403/full/full/0/default.jpg
404,"Official Car Permit for Jackie Robinson Funeral Services, Undated",,,,Undated official car permit for Jackie Robinson funeral services.,Cleveland Public Library Digital Gallery,,,https://cdm16014.contentdm.oclc.org/iiif/2/p4014coll27:404/full/full/0/default.jpg
405,"Order of Service from Jackie Robinson’s Funeral Service, October 27, 1972","October 27, 1972",1972,,Additional copy of Order of Service from Jackie Robinson’s funeral service.,Cleveland Public Library Digital Gallery,,,https://cdm16014.contentdm.oclc.org/iiif/2/p4014coll27:405/full/full/0/default.jpg
406,"Letter from Martin Stone to Elton Rule, October 31, 1972","October 31, 1972",1972,,"Copy of unsigned typed letter from Martin Stone to Elton Rule, President of American Broadcasting Company [cc: Walter Schwartz; bcc:H. Cosell]
Re: ABC tribute to  Jackie Robinson by Howard Cosell.",Cleveland Public Library Digital Gallery,,,https://cdm16014.contentdm.oclc.org/iiif/2/p4014coll27:406/full/full/0/default.jpg
407,"New York Times editorial column ""All American"", October 1972(?)",October 1972,1972,,"Undated (October, 1972?) New York Times editorial column: “All-American”. Re: Jackie Robinson and noting that “[h]is discipline and restraint were as crucial to the larger cause of black advance in that first season [1947] as his aggressive defense of his rights was to black self-respect in later years.”",Cleveland Public Library Digital Gallery,,,https://cdm16014.contentdm.oclc.org/iiif/2/p4014coll27:407/full/full/0/default.jpg
408,"Letter from Martin Stone to Woody Kepner, November 2, 1972; Letter from Woody Kepner to Martin Stone, October 26, 1972","November 2, 1972; October 26, 1972",1972,,"Copy of unsigned typed letter from Martin Stone to Woody Kepner. Re: Condolence note on Jackie Robinson’s death. Stapled to: October 26, 1972 typed signed letter from Woody Kepner to Martin Stone. Re: Condolences on Jackie Robinson’s death.",Cleveland Public Library Digital Gallery,,,https://cdm16014.contentdm.oclc.org/iiif/2/p4014coll27:408/full/full/0/default.jpg
409,"Letter from Walter A. Schwartz to Martin Stone, November 15, 1972","November 15, 1972",1972,,Copy of typed signed letter from Walter A. Schwartz to Martin Stone. Re: ABC and Howard Cosell’s tribute to Jackie Robinson with handwritten note at top: “orig. to H Cosell”.,Cleveland Public Library Digital Gallery,,,https://cdm16014.contentdm.oclc.org/iiif/2/p4014coll27:409/full/full/0/default.jpg
410,"Letter from Martin Stone to Ted Ashley, January 29, 1973","January 29, 1973",1973,,"Copy of unsigned typed letter from Martin Stone to Ted Ashley, Warner Bros. Studio, (cc: Seymour Malamud, Columbia Pictures, and Daniel Melnick, MGM). Re: CBS proposal for a  Jackie Robinson film about his life apart from baseball.",Cleveland Public Library Digital Gallery,,,https://cdm16014.contentdm.oclc.org/iiif/2/p4014coll27:410/full/full/0/default.jpg
411,"Letter from Martin Stone to Rachel Robinson, September 28, 1979 and Memorandum from William Austin, September 12, 1979","September 28, 1979; September 12, 1979",1979,,"Copy of unsigned typed letter from Martin Stone to Rachel Robinson [Martin Stone:akc]. Re: Dinner chairperson for the Jackie Robinson Awards.  Stapled to: September 12, 1979  Memorandum from William Austin to the Board of Directors of the Jackie Robinson Foundation. Re: Dinner chairperson for the  Jackie Robinson Awards.",Cleveland Public Library Digital Gallery,,,https://cdm16014.contentdm.oclc.org/iiif/2/p4014coll27:411/full/full/0/default.jpg
412,"Letter from Martin Stone to Rachel Robinson, October 25, 1979","October 25, 1979",1979,,Copy of unsigned typed letter from Martin Stone to Rachel Robinson [Martin Stone:akc]. Re: Slow acknowledgement of the Jackie Robinson Foundation to donations.,Cleveland Public Library Digital Gallery,,,https://cdm16014.contentdm.oclc.org/iiif/2/p4014coll27:412/full/full/0/default.jpg
413,"Letter from Rachel Robinson to Roger Gimble and Ernest Kinoy, November 14, 1979","November 14, 1979",1979,,Copy of signed typed letter from Rachel Robinson to Roger Gimble and Ernest Kinoy. Re: Jackie Robinson film treatment.,Cleveland Public Library Digital Gallery,,,https://cdm16014.contentdm.oclc.org/iiif/2/p4014coll27:413/full/full/0/default.jpg
414,"Typed notes on Jackie Robinson film by Rachel Robinson, November 14, 1979","November 14, 1979",1979,,"Copy of typed Notes on Jackie Robinson Film by Rachel Robinson. Re: Jackie Robinson film treatment, with special focus on Jackie Robinson’s business activities, Jackie Robinson’s mentors and friends, and Rachel Robinson.",Cleveland Public Library Digital Gallery,,,https://cdm16014.contentdm.oclc.org/iiif/2/p4014coll27:414/full/full/0/default.jpg
415,"Letter from Martin Stone to James A. Cuddihy, February 20, 1980","February 20, 1980",1980,,Unsigned copy of typed letter from Martin Stone to James A. Cuddihy. Re: lunch meeting and letter to Jerry Lewis.,Cleveland Public Library Digital Gallery,,,https://cdm16014.contentdm.oclc.org/iiif/2/p4014coll27:415/full/full/0/default.jpg
416,"Letter from Martin Stone to Jerry Lewis, February 25, 1980; Jackie Robinson Foundation Memo","February 25, 1980; February 15, 1980",1980,,"Unsigned copy of typed letter from Martin Stone to Jerry Lewis. Re: 1980 Jackie Robinson Awards Dinner. Stapled to: Jackie Robinson Foundation  memo about 1980 Jackie Robinson Awards Dinner with Neil Walsh as dinner chairman, and Bill Cosby as master of ceremonies.",Cleveland Public Library Digital Gallery,,,https://cdm16014.contentdm.oclc.org/iiif/2/p4014coll27:416/full/full/0/default.jpg
417,"Jackie Robinson Awards Dinner Program, May 12, 1980","May 12, 1980",1980,,Program for the 1980 Jackie Robinson Awards Dinner.,Cleveland Public Library Digital Gallery,,,https://cdm16014.contentdm.oclc.org/iiif/2/p4014coll27:417/full/full/0/default.jpg
418,"Statement of Purpose, January 31, 1981",,1980,,"Undated Statement of Purpose for the Jackie Robinson Memorial Gospel Celebration scheduled for January 31, 1981.",Cleveland Public Library Digital Gallery,,,https://cdm16014.contentdm.oclc.org/iiif/2/p4014coll27:418/full/full/0/default.jpg
419,"Typed Letter from Amelia K. Caratzas, May 30, 1980; Memo from Jerry Lewis","May 30, 1980",1980,,Copy of unsigned typed letter from Amelia K. Caratzas. Re: check for Jackie Robinson Awards Dinner. Stapled to: Undated Jackie Robinson Foundation memo from Jerry Lewis rescheduling the Jackie Robinson Awards Dinner.,Cleveland Public Library Digital Gallery,,,https://cdm16014.contentdm.oclc.org/iiif/2/p4014coll27:419/full/full/0/default.jpg
420,"Jackie Robinson Foundation Memo from Jerry Lewis to Board Members, October 15, 1980","October 15, 1980",1980,,Jackie Robinson Foundation Memo from Jerry Lewis to Board Members. Re: nominations for Board Members.,Cleveland Public Library Digital Gallery,,,https://cdm16014.contentdm.oclc.org/iiif/2/p4014coll27:420/full/full/0/default.jpg
421,"Letter from Martin Stone to Donald M. Kendall, November 28, 1980","November 28, 1980",1980,,"Copy of unsigned typed letter from Martin Stone to Donald M. Kendall, Chairman and CEO Pepsico. Re: Jackie Robinson Awards Dinner.",Cleveland Public Library Digital Gallery,,,https://cdm16014.contentdm.oclc.org/iiif/2/p4014coll27:421/full/full/0/default.jpg
422,"Update Magazine Supplement,""Jackie Robinson: the Legend the Legacy and the Jackie Robinson Foundation"", January 1981",January 1981,1981,,"Update Magazine Supplement Jackie Robinson: the Legend the Legacy and the Jackie Robinson Foundation: collector’s edition. The second in a series on “Black Heroes” published by F&G Marketing, Inc.",Cleveland Public Library Digital Gallery,,,https://cdm16014.contentdm.oclc.org/iiif/2/p4014coll27:422/full/full/0/default.jpg
423,"Letter from Ross Barzelay and Rachel Robinson to Martin Stone, March 10, 1981","March 10, 1981",1981,,Typed signed letter from Ross Barzelay and Rachel Robinson to Martin Stone. Re: 1981  Jackie Robinson Awards Dinner-Dance.,Cleveland Public Library Digital Gallery,,,https://cdm16014.contentdm.oclc.org/iiif/2/p4014coll27:423/full/full/0/default.jpg
424,"Jackie Robinson Foundation Spring Board (Meeting) Reminder, March 18, 1981","March 18, 1981",1981,,Jackie Robinson Foundation Spring Board (Meeting) Reminder.,Cleveland Public Library Digital Gallery,,,https://cdm16014.contentdm.oclc.org/iiif/2/p4014coll27:424/full/full/0/default.jpg
425,"Copy of typed letter from Martin Stone to Rachel Robinson, July 13, 1981","July 13, 1981",1981,,Unsigned copy of typed letter from Martin Stone to Rachel Robinson. Re: photos taken by Dr. McNeil.,Cleveland Public Library Digital Gallery,,,https://cdm16014.contentdm.oclc.org/iiif/2/p4014coll27:425/full/full/0/default.jpg
426,"Letter from Martin Stone to Jerry Lewis, November 13, 1981; Memo from Jerry Lewis to Jackie Robinson Foundation Board Members","November 13, 1981",1981,,Signed copy of typed letter from Martin Stone to Jerry Lewis. Re: Nominations for the 1982 Jackie Robinson Awards Dinner. Stapled to: Memo from Jerry Lewis to Jackie Robinson Foundation Board Members. Re: 1982 Jackie Robinson Awards Dinner nominations.,Cleveland Public Library Digital Gallery,,,https://cdm16014.contentdm.oclc.org/iiif/2/p4014coll27:426/full/full/0/default.jpg
427,"Typed letter from Martin Stone to Jerry Lewis, November 25, 1981","November 25, 1981",1981,,Unsigned copy of typed letter from Martin Stone to Jerry Lewis. Re: training blacks for opportunities in communications.,Cleveland Public Library Digital Gallery,,,https://cdm16014.contentdm.oclc.org/iiif/2/p4014coll27:427/full/full/0/default.jpg
428,"Letter from Martin L. Edelman to Adweek, August 2, 1982","August 2, 1982",1982,,"Copy of typed signed letter from Martin L. Edelman to Adweek. Re: June 14, 1982 Adweek column “Down Lois Lane” which was critical of Jackie Robinson.",Cleveland Public Library Digital Gallery,,,https://cdm16014.contentdm.oclc.org/iiif/2/p4014coll27:428/full/full/0/default.jpg
429,"Letter from Martin Stone to George Lois, August 20, 1982","August 20, 1982",1982,,"Unsigned copy of typed letter from Martin Stone to George Lois, Chairman of the Board, Lois Pitts Gershon, Inc.. Re: Response to June 14, 1982 Adweek column “Down Lois Lane”.",Cleveland Public Library Digital Gallery,,,https://cdm16014.contentdm.oclc.org/iiif/2/p4014coll27:429/full/full/0/default.jpg
430,"Letter from George Lois to Martin Stone, September 29, 1982; Letter from George Lois to Martin Edelman, August 25, 1982","September 29, 1982; August 25, 1982",1982,,"Typed signed letter from George Lois to Martin Stone. Re: Response to August 20, 1982 letter from Martin Stone. One page stapled to: Copy of typed signed letter from George Lois to Martin Edelman. Re: Response to August 2, 1982 letter from Martin Edelman to George Lois.",Cleveland Public Library Digital Gallery,,,https://cdm16014.contentdm.oclc.org/iiif/2/p4014coll27:430/full/full/0/default.jpg
431,"Letter from Martin Edelman to George Lois, August 2, 1982","August 2, 1982",1982,,"August 2, 1982  Copy of typed signed letter from Martin Edelman to George Lois. Re: Response to June 14, 1982 Adweek column “Down Lois Lane”.",Cleveland Public Library Digital Gallery,,,https://cdm16014.contentdm.oclc.org/iiif/2/p4014coll27:431/full/full/0/default.jpg
432,"Letter from Peggy Preisser to Amelia Caratzas, November 17, 1982; Jackie Robinson Foundation Newsletter Fall 1982","November 17, 1982",1982,,"Typed signed letter from Peggy Preisser to Amelia Caratzas. Re: Jackie Robinson Foundation Fall 1982 Newsletter and photograph of Martin Stone with handwritten note: “(Please see last page)”. Sent with: Fall, 1982  Jackie Robinson Foundation Newsletter, volume 4, with Martin Stone photograph on last page.",Cleveland Public Library Digital Gallery,,,https://cdm16014.contentdm.oclc.org/iiif/2/p4014coll27:432/full/full/0/default.jpg
433,"Letter from Rachel Robinson to Hicks B. Waldron, November 18, 1982","November 18, 1982",1982,,Copy of typed signed letter from Rachel Robinson to Hicks B. Waldron. Re: Waldron’s receiving 1983 Robie Award for Achievement in Industry from Jackie Robinson Foundation.,Cleveland Public Library Digital Gallery,,,https://cdm16014.contentdm.oclc.org/iiif/2/p4014coll27:433/full/full/0/default.jpg
434,Letters About the Jackie Robinson Foundation Grant Proposal; Copy of Request for Development Office,"December 17, 1982; December 6, 1982; December 21, 1982",1982,,"December 17, 1982 typed signed letter from Rachel Robinson to Martin Stone. Re: Jackie Robinson Foundation grant proposal to JM Foundation. One page stapled to: December 6, 1982 Copy of eleven page “Request to Support the Development of a Development Office for the Jackie Robinson Foundation”. Stapled to: December 21, 1982 Copy of typed signed letter from Jerry Lewis to Leonard Howard of the JM Foundation. Re: Follow-up to the Jackie Robinson Foundation grant proposal.",Cleveland Public Library Digital Gallery,,,https://cdm16014.contentdm.oclc.org/iiif/2/p4014coll27:434/full/full/0/default.jpg
435,"Letter from Rachel Robinson and Jerry Lewis to Martin Stone, February 18, 1983","February 18, 1983",1983,,Typed signed letter from Rachel Robinson and Jerry Lewis to Martin Stone. Re: 1983 Jackie Robinson Foundation Awards Dinner.,Cleveland Public Library Digital Gallery,,,https://cdm16014.contentdm.oclc.org/iiif/2/p4014coll27:435/full/full/0/default.jpg
436,"Letters Re: 1983 Robie Award for Industry Recipient, Mr. Hicks B. Waldron","March 7, 1983; March 21, 1983; August 15, 1982; October 1982",1983,,"March 7, 1983 Typed signed letter from Robin V. Bell, Jackie Robinson Foundation 1983 Dinner Coordinator, to Martin Stone. Re: speech introducing Hicks B. Waldron as recipient of Robie Award. Sent with: Undated copy of “Award Inscription!” for the 1983 Robie Award to be presented to Hicks B. Waldron on March 21, 1983. Sent with [?] August 15, 1982 Copy of letter from Hicks B. Waldron to Heublein Inc.’s shareholders in annual report. Re: “Dear Fellow Shareholders”. Sent with [?]: October, 1982 Press release biography of Hicks B. Waldron, Chairman, President and CEO of Heublein Inc. from Heublein Inc.’s Public Affairs Department.",Cleveland Public Library Digital Gallery,,,https://cdm16014.contentdm.oclc.org/iiif/2/p4014coll27:436/full/full/0/default.jpg
437,Speech on Cards Introducing Hicks B. Waldron as Robie Award Recipient,,,,Undated typed speech on cards introducing Hicks B. Waldron as recipient of  Robie Award at Jackie Robinson Foundation Awards Dinner .,Cleveland Public Library Digital Gallery,,,https://cdm16014.contentdm.oclc.org/iiif/2/p4014coll27:437/full/full/0/default.jpg
438,"Letter from Martin Stone to Edward Frantel, President of the 7 Up Company, March 22, 1983","March 22, 1983",1983,,"Copy of typed signed letter from Martin Stone to Edward Frantel, President of the 7 Up Company. Re: 1983 Jackie Robinson Foundation Awards Dinner.",Cleveland Public Library Digital Gallery,,,https://cdm16014.contentdm.oclc.org/iiif/2/p4014coll27:438/full/full/0/default.jpg
439,"Letter from Martin Stone to Hicks B. Waldron, March 22, 1983","March 22, 1983",1983,,Copy of typed signed letter from Martin Stone to Hicks B. Waldron. Re: 1983 Jackie Robinson Foundation Awards Dinner.,Cleveland Public Library Digital Gallery,,,https://cdm16014.contentdm.oclc.org/iiif/2/p4014coll27:439/full/full/0/default.jpg
440,"Letter from Martin Stone to Rachel Robinson, March 22, 1983","March 22, 1983",1983,,Copy of typed signed letter from Martin Stone to Rachel Robinson. Re: 1983 Jackie Robinson Foundation Awards Dinner.,Cleveland Public Library Digital Gallery,,,https://cdm16014.contentdm.oclc.org/iiif/2/p4014coll27:440/full/full/0/default.jpg
441,"Memo from Martin Stone to Rachel Robinson, Undated; Letter from Hicks B. Waldron to Martin Stone, March 28, 1983","March 28, 1983",1983,,"Undated copy of handwritten memo from Martin Stone to Rachel Robinson: “Rachel / FYI ----- / and love. / Martin”. Stapled to: March 28, 1983 typed signed letter from Hicks B. Waldron to Martin Stone. Re: Jackie Robinson Foundation Awards Dinner.",Cleveland Public Library Digital Gallery,,,https://cdm16014.contentdm.oclc.org/iiif/2/p4014coll27:441/full/full/0/default.jpg
442,"Letter from Robert Price to Edward M. Johnson, March 30, 1983","March 30, 1983",1983,,"Copy of typed signed letter from Robert Price to Edward M. Johnson of Edward M. Johnson & Associates, Inc. Re: Applications for New York City radio stations.",Cleveland Public Library Digital Gallery,,,https://cdm16014.contentdm.oclc.org/iiif/2/p4014coll27:442/full/full/0/default.jpg
443,"Letter from Martin Stone to Rachel Robinson, April 4, 1983","April 4, 1983",1983,,Copy of typed signed letter from Martin Stone to Rachel Robinson. Re: Jackie Robinson Foundation interest in two New York City radio stations.,Cleveland Public Library Digital Gallery,,,https://cdm16014.contentdm.oclc.org/iiif/2/p4014coll27:443/full/full/0/default.jpg
444,"Letter from Rachel Robinson to Robert Price, April 18, 1983","April 18, 1983",1983,,Two copies of a typed signed letter from Rachel Robinson to Robert Price. Re: Jackie Robinson Foundation interest in two New York City radio stations. One with handwritten corrections and note at top: “Martin / Please call / me on this / when you / return. / Thanks / Bob / Price / 582-1610”.,Cleveland Public Library Digital Gallery,,,https://cdm16014.contentdm.oclc.org/iiif/2/p4014coll27:444/full/full/0/default.jpg
445,"Letter from Rachel Robinson and Jerry Lewis to Martin Stone, April 19, 1983","April 19, 1983",1983,,"Typed signed letter from Rachel Robinson and Jerry Lewis to Martin Stone. Re: Martin Stone’ Hicks B. Waldron presentation speech at Jackie Robinson Foundation. Awards Dinner March 21, 1983.",Cleveland Public Library Digital Gallery,,,https://cdm16014.contentdm.oclc.org/iiif/2/p4014coll27:445/full/full/0/default.jpg
446,"Letter from Robert Price to Martin Stone, April 29, 1983","April 29, 1983",1983,,Typed signed letter from Robert Price to Martin Stone. Re: Jackie Robinson Foundation interest in two radio stations. Paperclipped to: Copy of letter from Robert Price to Martin Stone. Re: Jackie Robinson Foundation interest in two radio stations with lines for a signature of agreement to terms.,Cleveland Public Library Digital Gallery,,,https://cdm16014.contentdm.oclc.org/iiif/2/p4014coll27:446/full/full/0/default.jpg
447,"Handwritten Note from Martin Stone to Martin Edelman, May 2, 1983","May 2, 1983",1983,,"Copy of a handwritten note from Martin Stone to Martin Edelman. Re: Robert Price letter of April 29, 1983 and Jackie Robinson Foundation officers resignation possibilities (Robert Lipp and Donald Miller).",Cleveland Public Library Digital Gallery,,,https://cdm16014.contentdm.oclc.org/iiif/2/p4014coll27:447/full/full/0/default.jpg
448,"Letter from Rachel Robinson to Robert Price, May 17, 1983","May 17, 1983",1983,,Copy of typed signed letter from Rachel Robinson to Robert Price. Re: Jackie Robinson Foundation withdrawal from New York City radio stations project and Rachel Robinson’s participation as a stockholder with Rachel Robinson’s handwritten note at bottom: “Check enclosed / Rachel Robinson”.,Cleveland Public Library Digital Gallery,,,https://cdm16014.contentdm.oclc.org/iiif/2/p4014coll27:448/full/full/0/default.jpg
449,"Handwritten Note from Martin Stone to Rachel Robinson, November 17, 1983","November 17, 1983",1983,,Copy of handwritten note from Martin Stone to Rachel Robinson. Re: donation to Jackie Robinson Foundation “library” or offices.,Cleveland Public Library Digital Gallery,,,https://cdm16014.contentdm.oclc.org/iiif/2/p4014coll27:449/full/full/0/default.jpg
450,"Handwritten Notes on Legal Pad Page, January 18, 1984; February 8, 1984"," January 18, 1984; February 8, 1984",1984,,"January 18, [1984?] Handwritten notes on legal pad page. Re: Tex McCrury,  Jackie Robinson, ms. and plans for a movie about Jackie Robinson. Folded together with: February 8, 1984 Handwritten notes on legal pad page. Re: Lee Zuckerman and plans for a movie about Jackie Robinson. Folded together with: [undated] Handwritten notes on legal pad page. Re: Moonves and plans for a movie about Jackie Robinson.",Cleveland Public Library Digital Gallery,,,https://cdm16014.contentdm.oclc.org/iiif/2/p4014coll27:450/full/full/0/default.jpg
451,"Letter from Martin Stone to Leslie Moonves, January 25, 1984","January 25, 1984",1984,,"Copy of typed signed letter from Martin Stone to Leslie Moonves, Twentieth Century-Fox Television. Re: Moonves’s meeting with Rachel Robinson about Jackie Robinson movie project.",Cleveland Public Library Digital Gallery,,,https://cdm16014.contentdm.oclc.org/iiif/2/p4014coll27:451/full/full/0/default.jpg
452,"Letter from Leslie Moonves to Martin Stone, January 30, 1984","January 30, 1984",1984,,Typed signed letter from Leslie Moonves to Martin Stone. Re: Jackie Robinson movie project proposal.,Cleveland Public Library Digital Gallery,,,https://cdm16014.contentdm.oclc.org/iiif/2/p4014coll27:452/full/full/0/default.jpg
453,"Letter from Martin Stone to Rachel Robinson, February 10, 1984","February 10, 1984",1984,,Copy to typed signed letter from Martin Stone to Rachel Robinson. Re: Jackie Robinson movie project proposal urging rejection of the Twentieth Century-Fox proposal.,Cleveland Public Library Digital Gallery,,,https://cdm16014.contentdm.oclc.org/iiif/2/p4014coll27:453/full/full/0/default.jpg
454,"Letter from Jerry A. Lewis to Board of Directors, Jackie Robinson Foundation, March 30, 1984","March 30, 1984",1984,,"Typed signed letter from Jerry A. Lewis to Board of Directors, Jackie Robinson Foundation. Re: New Jackie Robinson Foundation Resource Materials. With two 3½  by 5½ inches cards advertising the Jackie Robinson Foundation presentation of an “Afternoon of Jazz” on Sunday, June 24th, 1984 at the Robinsons, Stamford, CT.",Cleveland Public Library Digital Gallery,,,https://cdm16014.contentdm.oclc.org/iiif/2/p4014coll27:454/full/full/0/default.jpg
455,"Program for the Jackie Robinson Awards Dinners, 1984",1984,1984,,Program for the Jackie Robinson Awards Dinners 1984.,Cleveland Public Library Digital Gallery,,,https://cdm16014.contentdm.oclc.org/iiif/2/p4014coll27:455/full/full/0/default.jpg
456,"Jackie Robinson Foundation Brochure, Undated",,,,"Copy of Jackie Robinson Foundation brochure on “The Youth Development Program” and a listing of Jackie Robinson Foundation board members, scholarship award recipients, and 1983-1984 contributors in an unaddressed envelope which has been torn open.",Cleveland Public Library Digital Gallery,,,https://cdm16014.contentdm.oclc.org/iiif/2/p4014coll27:456/full/full/0/default.jpg
457,"List of Committee Members and Other Participants in a Musical Program, Undated",,,,Undated list of committee members and other participants in a musical program.,Cleveland Public Library Digital Gallery,,,https://cdm16014.contentdm.oclc.org/iiif/2/p4014coll27:457/full/full/0/default.jpg
458,"Jackie Robinson Foundation Newsletter, Volume 7, Spring 1984",1984,1984,,"Jackie Robinson Foundation Newsletter, volume 7, Spring 1984. 7th Annual Awards Dinner cover story includes photo of Hicks B. Waldron.",Cleveland Public Library Digital Gallery,,,https://cdm16014.contentdm.oclc.org/iiif/2/p4014coll27:458/full/full/0/default.jpg
459," Jackie Robinson Foundation Newsletter, Volume 8, Fall 1984",,,,"Jackie Robinson Foundation Newsletter, volume 8, Fall 1984.",Cleveland Public Library Digital Gallery,,,https://cdm16014.contentdm.oclc.org/iiif/2/p4014coll27:459/full/full/0/default.jpg
460,"Jackie Robinson Foundation Newsletter, Volume 9, Spring 1985",,,,"Jackie Robinson Foundation Newsletter, volume 9, Spring 1985.",Cleveland Public Library Digital Gallery,,,https://cdm16014.contentdm.oclc.org/iiif/2/p4014coll27:460/full/full/0/default.jpg
461,"Program for the Jackie Robinson Foundation Awards Dinner, 1985","June 19, 1985",1985,,"Program for the Jackie Robinson Foundation Awards Dinner. Has stapled to program: June 19, 1985 handwritten memo from Martin Stone to Bob Blank. Re: Jackie Robinson Foundation Awards Dinner which says: “Bob Blank / FYI / Martin”.  Bob Blank’s response handwritten over Martin Stone note: “to Martin / Great organiz--- / Thanks, / Bob / I’m sure it’s a / real source / of pride for / you to be / associated with / this group.”",Cleveland Public Library Digital Gallery,,,https://cdm16014.contentdm.oclc.org/iiif/2/p4014coll27:461/full/full/0/default.jpg
462,"Letter from Martin Stone to John O’Donnell, February 4, 1987","February 4, 1987",1987,,"Copy of typed signed letter from Martin Stone to John O’Donnell, President of Sony Video Software. Re: a Jackie Robinson videocassette.",Cleveland Public Library Digital Gallery,,,https://cdm16014.contentdm.oclc.org/iiif/2/p4014coll27:462/full/full/0/default.jpg
463,"Letter from Martin Stone to Merv Griffin, March 3, 1987; Handwritten Note from Martin Stone to Bob Murphy, March 4, 1987","March 3, 1987; March 4, 1987",1987,,"Copy of typed signed letter from Martin Stone to Merv Griffin. Re: thanks for Griffin’s considering a Jackie Robinson film project. Stapled to: March 4, 1987 copy of handwritten note from Martin Stone to Bob Murphy. Re: thanks for help in approaching Merv Griffin about Jackie Robinson film project.
",Cleveland Public Library Digital Gallery,,,https://cdm16014.contentdm.oclc.org/iiif/2/p4014coll27:463/full/full/0/default.jpg
464,"Handwritten Memo from Martin Stone to Rachel Robinson, Undated",,,,Undated handwritten memo from Martin Stone to Rachel Robinson. Re: key moments in  Jackie Robinson’s life that might contribute to a  Jackie Robinson film project.,Cleveland Public Library Digital Gallery,,,https://cdm16014.contentdm.oclc.org/iiif/2/p4014coll27:464/full/full/0/default.jpg
465,"Martin Stone's Jackie Robinson File: Correspondence, Programs, and Souvenirs",1963-1987,1987,,"Correspondence and miscellaneous papers about baseball star Jackie Robinson and the Jackie Robinson Foundation, 1963-1987. Martin Stone, attorney and communications executive was an attorney for Jackie Robinson and later a trustee of the Jackie Robinson Foundation.",Cleveland Public Library Digital Gallery,,,https://cdm16014.contentdm.oclc.org/iiif/2/p4014coll27:438/full/full/0/default.jpg
466,"New York Times Obituary for Jackie Robinson, October 25, 1972","October 25, 1972",1972,,"New York Times obituary for  Jackie Robinson: “Jackie Robinson, First Black in Major Leagues, Dies”.",Cleveland Public Library Digital Gallery,,,https://cdm16014.contentdm.oclc.org/iiif/2/p4014coll27:466/full/full/0/default.jpg
467,"5 Daily News Articles, October 25, 1972","October 25, 1972",1972,,Daily News articles: “When Will Baseball Really Honor Robby?” by Dick Young. “’Jackie Greatest Competitor I’ve Ever Seen’” by Roy Campanella. “Robinson Wore a Badge of Courage” by Bob Anderson. “Jackie Robinson is Dead at 53”. “A Heart Attack Kills Jackie Robinson at 53” by Phil Pepe.,Cleveland Public Library Digital Gallery,,,https://cdm16014.contentdm.oclc.org/iiif/2/p4014coll27:467/full/full/0/default.jpg
468,"Daily News Headline, October 28, 1972","October 28, 1972",1972,,Daily News headline: “FAREWELL TO JACKIE / Fans of All Ages at Robinson Rites”.,Cleveland Public Library Digital Gallery,,,https://cdm16014.contentdm.oclc.org/iiif/2/p4014coll27:468/full/full/0/default.jpg
469,"Daily News Photo, Caption and Article, October 28, 1972","October 28, 1972",1972,," Daily News photo and caption: “Last Tribute for Jackie”.  Daily News article ""A Last Sad Cheer for Jackie Robinson"". ",Cleveland Public Library Digital Gallery,,,https://cdm16014.contentdm.oclc.org/iiif/2/p4014coll27:469/full/full/0/default.jpg
470,"Ebony Article About Rachel Robinson, December 1975",December 1975,1975,,Ebony article by Carlyle C. Douglas: “THE BLOSSOMING OF RACHEL ROBINSON / Jackie Robinson’s widow finds new life and success in the Business world”.,Cleveland Public Library Digital Gallery,,,https://cdm16014.contentdm.oclc.org/iiif/2/p4014coll27:470/full/full/0/default.jpg
471,"Gannet Westchester Newspapers Column, August 16, 1982","August 16, 1982",1982,,"Gannet Westchester Newspapers column: “Yes, Jackie looked right through them” by Warren Jackson, the Gannett Westchester Newspapers’ consultant on minority affairs,
Re:  Jackie Robinson, paparazzi, and George Lois’s June 14, 1982 Adweek Column “Down Lois Lane”.",Cleveland Public Library Digital Gallery,,,https://cdm16014.contentdm.oclc.org/iiif/2/p4014coll27:471/full/full/0/default.jpg
472,"Gannet Westchester Newspapers Column, August 30, 1982","August 30, 1982",1982,,"Gannet Westchester Newspapers column: “Readers offer varied responses” by Warren Jackson. Re: George Lois’s June 14, 1982 Adweek column “Down Lois Lane”.  Jackson’s column contains extensive quotes from Martin Edleman and Martin Stone.",Cleveland Public Library Digital Gallery,,,https://cdm16014.contentdm.oclc.org/iiif/2/p4014coll27:472/full/full/0/default.jpg
473,Martin Stone's Jackie Robinson File: Newspaper Clippings,1972; 1975; 1982,1982,,"Newspaper clippings about baseball star Jackie Robinson, 1972-1982. Martin Stone, attorney and communications executive was an attorney for Jackie Robinson and later a trustee of the Jackie Robinson Foundation.",Cleveland Public Library Digital Gallery,,,https://cdm16014.contentdm.oclc.org/iiif/2/p4014coll27:468/full/full/0/default.jpg
1931,"Lincoln High Football Team - Lincoln vs. Ignatius, Bania scores","November 15, 1941",1941,"Lincoln High School (Cleveland, Ohio)",Lincoln High vs. Ignatius at West Tech field. ,Cleveland Public Library Digital Gallery,,,https://cdm16014.contentdm.oclc.org/iiif/2/p4014coll27:1931/full/full/0/default.jpg
1932,"Bomber ""Spirit of Lincoln"" - Lincoln High Athletic Alumni Association",1944,1944,"Lincoln High School (Cleveland, Ohio)",,Cleveland Public Library Digital Gallery,,,https://cdm16014.contentdm.oclc.org/iiif/2/p4014coll27:1932/full/full/0/default.jpg
1933,Lincoln High Football Team - Undated 04,,,"Lincoln High School (Cleveland, Ohio)",,Cleveland Public Library Digital Gallery,,,https://cdm16014.contentdm.oclc.org/iiif/2/p4014coll27:1933/full/full/0/default.jpg
1934,"Lincoln High Football Team - Lincoln vs. Ignatius, Zylowski scores","November 15, 1941",1941,"Lincoln High School (Cleveland, Ohio)",Lincoln High vs. Ignatius at West Tech field. ,Cleveland Public Library Digital Gallery,,,https://cdm16014.contentdm.oclc.org/iiif/2/p4014coll27:1934/full/full/0/default.jpg
1935,Lincoln High Football Team - Cleveland West Side Co-Champions 1946,1946,1946,"Lincoln High School (Cleveland, Ohio)",,Cleveland Public Library Digital Gallery,,,https://cdm16014.contentdm.oclc.org/iiif/2/p4014coll27:1935/full/full/0/default.jpg
1936,Lincoln High Football Team - Lincoln vs. Holy Name at Cleveland Stadium,1941,1941,"Lincoln High School (Cleveland, Ohio)",,Cleveland Public Library Digital Gallery,,,https://cdm16014.contentdm.oclc.org/iiif/2/p4014coll27:1936/full/full/0/default.jpg
1937,Lincoln High Football Team 1949 02,1949,1949,"Lincoln High School (Cleveland, Ohio)",,Cleveland Public Library Digital Gallery,,,https://cdm16014.contentdm.oclc.org/iiif/2/p4014coll27:1937/full/full/0/default.jpg
1938,Lincoln High Football Team - Senate Champs 1939,1936,1936,"Lincoln High School (Cleveland, Ohio)",,Cleveland Public Library Digital Gallery,,,https://cdm16014.contentdm.oclc.org/iiif/2/p4014coll27:1938/full/full/0/default.jpg
1939,Lincoln High Football Team - West Senate Co-Champion 1946,1946,1946,"Lincoln High School (Cleveland, Ohio)",,Cleveland Public Library Digital Gallery,,,https://cdm16014.contentdm.oclc.org/iiif/2/p4014coll27:1939/full/full/0/default.jpg
1940,Lincoln High Football Team 1949 01,1949,1949,"Lincoln High School (Cleveland, Ohio)",,Cleveland Public Library Digital Gallery,,,https://cdm16014.contentdm.oclc.org/iiif/2/p4014coll27:1940/full/full/0/default.jpg
1941,Lincoln High Football Team - Undated 01,,,"Lincoln High School (Cleveland, Ohio)",,Cleveland Public Library Digital Gallery,,,https://cdm16014.contentdm.oclc.org/iiif/2/p4014coll27:1941/full/full/0/default.jpg
1942,"Lincoln High Football Team - Charity Game Rally 1941, Cleveland Stadium","November 27, 1941",1941,"Lincoln High School (Cleveland, Ohio)",Charity game at Cleveland Stadium. ,Cleveland Public Library Digital Gallery,,,https://cdm16014.contentdm.oclc.org/iiif/2/p4014coll27:1942/full/full/0/default.jpg
1943,Lincoln High Football Team - Senate Champions 1942,1942,1942,"Lincoln High School (Cleveland, Ohio)",,Cleveland Public Library Digital Gallery,,,https://cdm16014.contentdm.oclc.org/iiif/2/p4014coll27:1943/full/full/0/default.jpg
1944,"Lincoln High Football Team - Charity Game Rally 1941, Lincoln Gym","November 27, 1941",1941,"Lincoln High School (Cleveland, Ohio)",Charity game held at Lincoln gym. ,Cleveland Public Library Digital Gallery,,,https://cdm16014.contentdm.oclc.org/iiif/2/p4014coll27:1944/full/full/0/default.jpg
1945,Lincoln High Football Team 1950 01,1950,1950,"Lincoln High School (Cleveland, Ohio)",,Cleveland Public Library Digital Gallery,,,https://cdm16014.contentdm.oclc.org/iiif/2/p4014coll27:1945/full/full/0/default.jpg
1946,Lincoln High Baseball Team 1951,1951,1951,"Lincoln High School (Cleveland, Ohio)",,Cleveland Public Library Digital Gallery,,,https://cdm16014.contentdm.oclc.org/iiif/2/p4014coll27:1946/full/full/0/default.jpg
1947,Lincoln High Football Team 1948,1948,1948,"Lincoln High School (Cleveland, Ohio)",,Cleveland Public Library Digital Gallery,,,https://cdm16014.contentdm.oclc.org/iiif/2/p4014coll27:1947/full/full/0/default.jpg
1948,Lincoln High Football Team 1953,1953,1953,"Lincoln High School (Cleveland, Ohio)",,Cleveland Public Library Digital Gallery,,,https://cdm16014.contentdm.oclc.org/iiif/2/p4014coll27:1948/full/full/0/default.jpg
1949,Lincoln High Basketball Team - Northeast Ohio District Champs 1949-50,1949-1950,1949,"Lincoln High School (Cleveland, Ohio)",,Cleveland Public Library Digital Gallery,,,https://cdm16014.contentdm.oclc.org/iiif/2/p4014coll27:1949/full/full/0/default.jpg
1950,Lincoln High Football Team - A. Budney,,,"Lincoln High School (Cleveland, Ohio)",,Cleveland Public Library Digital Gallery,,,https://cdm16014.contentdm.oclc.org/iiif/2/p4014coll27:1950/full/full/0/default.jpg
1951,Reunion - Lincoln High Athletic Alumni Association,,,"Lincoln High School (Cleveland, Ohio)",,Cleveland Public Library Digital Gallery,,,https://cdm16014.contentdm.oclc.org/iiif/2/p4014coll27:1951/full/full/0/default.jpg
1952,Lincoln High Football Team 1950 02,1950,1950,"Lincoln High School (Cleveland, Ohio)",,Cleveland Public Library Digital Gallery,,,https://cdm16014.contentdm.oclc.org/iiif/2/p4014coll27:1952/full/full/0/default.jpg
1953,Lincoln High Football Team 1932,1932,1932,"Lincoln High School (Cleveland, Ohio)",,Cleveland Public Library Digital Gallery,,,https://cdm16014.contentdm.oclc.org/iiif/2/p4014coll27:1953/full/full/0/default.jpg
1954,Lincoln High Football Team - Undated 02,,,"Lincoln High School (Cleveland, Ohio)",,Cleveland Public Library Digital Gallery,,,https://cdm16014.contentdm.oclc.org/iiif/2/p4014coll27:1954/full/full/0/default.jpg
1955,Lincoln High Football Team 1947,1947,1947,"Lincoln High School (Cleveland, Ohio)",,Cleveland Public Library Digital Gallery,,,https://cdm16014.contentdm.oclc.org/iiif/2/p4014coll27:1955/full/full/0/default.jpg
1956,Lincoln High Football Team - Undated 03,,,"Lincoln High School (Cleveland, Ohio)",,Cleveland Public Library Digital Gallery,,,https://cdm16014.contentdm.oclc.org/iiif/2/p4014coll27:1956/full/full/0/default.jpg
1957,Lincoln High Football Team 1943,1943,1943,"Lincoln High School (Cleveland, Ohio)",,Cleveland Public Library Digital Gallery,,,https://cdm16014.contentdm.oclc.org/iiif/2/p4014coll27:1957/full/full/0/default.jpg
1958,Lincoln High Baseball Team 1950,1950,1950,"Lincoln High School (Cleveland, Ohio)",,Cleveland Public Library Digital Gallery,,,https://cdm16014.contentdm.oclc.org/iiif/2/p4014coll27:1958/full/full/0/default.jpg
1959,Lincoln High Varsity Basketball Squad - Undated,,,"Lincoln High School (Cleveland, Ohio)",,Cleveland Public Library Digital Gallery,,,https://cdm16014.contentdm.oclc.org/iiif/2/p4014coll27:1959/full/full/0/default.jpg
1960,Lincoln High Football Team - 1953 Seniors,1953,1953,"Lincoln High School (Cleveland, Ohio)",,Cleveland Public Library Digital Gallery,,,https://cdm16014.contentdm.oclc.org/iiif/2/p4014coll27:1960/full/full/0/default.jpg
1961,St. Joseph Convent - Lincoln High Athletic Alumni Association,1910,1910,"Lincoln High School (Cleveland, Ohio)",Original St. Theodosius building. Demolished 1970's. ,Cleveland Public Library Digital Gallery,,,https://cdm16014.contentdm.oclc.org/iiif/2/p4014coll27:1961/full/full/0/default.jpg
